frame,joint,x,y,confidence
0,0,0.9082580804824829,0.395821213722229,0.9993906021118164
0,1,0.9157987236976624,0.38771897554397583,0.9994683861732483
0,2,0.9181040525436401,0.3879773020744324,0.9993982315063477
0,3,0.9207823276519775,0.38902828097343445,0.9994572997093201
0,4,0.9114353656768799,0.3881054222583771,0.9994496703147888
0,5,0.9108949303627014,0.3884198069572449,0.9993270635604858
0,6,0.9104244709014893,0.38875022530555725,0.9994089603424072
0,7,0.9291306138038635,0.3957786560058594,0.9989610910415649
0,8,0.9158964157104492,0.3944935202598572,0.9992290735244751
0,9,0.9132896661758423,0.4057140648365021,0.9987999200820923
0,10,0.9074503779411316,0.40529903769493103,0.998728334903717
0,11,0.9491576552391052,0.44471919536590576,0.9986535310745239
0,12,0.9078460931777954,0.4552600681781769,0.9990112781524658
0,13,0.9666932225227356,0.513458251953125,0.9566206336021423
0,14,0.8950926661491394,0.512177586555481,0.6367229223251343
0,15,0.9305511713027954,0.5216911435127258,0.8920079469680786
0,16,0.880901575088501,0.5258039236068726,0.6457536220550537
0,17,0.9221770167350769,0.5252955555915833,0.8511523604393005
0,18,0.8774093389511108,0.5283076763153076,0.575054407119751
0,19,0.919957160949707,0.515090823173523,0.8442165851593018
0,20,0.876966118812561,0.5265122056007385,0.5807962417602539
0,21,0.9222192764282227,0.5140241384506226,0.7991564869880676
0,22,0.8780995011329651,0.526638388633728,0.5777106881141663
0,23,0.9725972414016724,0.5523008108139038,0.9989516735076904
0,24,0.9519909620285034,0.5634575486183167,0.9988383650779724
0,25,0.9285436868667603,0.6414295434951782,0.9751676917076111
0,26,0.9573702216148376,0.662616491317749,0.6139076948165894
0,27,0.9375255107879639,0.7579144239425659,0.9486920237541199
0,28,0.9760119318962097,0.7602571249008179,0.6617936491966248
0,29,0.9466022253036499,0.7822367548942566,0.915249764919281
0,30,0.9855086207389832,0.7754696011543274,0.6929817795753479
0,31,0.9004144668579102,0.7944440245628357,0.9550111889839172
0,32,0.948356032371521,0.7907159328460693,0.7386115193367004
1,0,0.8990839719772339,0.3961279094219208,0.9994344115257263
1,1,0.9044526219367981,0.3882956802845001,0.9995020031929016
1,2,0.9074427485466003,0.38870301842689514,0.9994386434555054
1,3,0.9107835292816162,0.38951611518859863,0.9994919896125793
1,4,0.8999529480934143,0.3882262408733368,0.9994842410087585
1,5,0.8993588089942932,0.3884487748146057,0.9993709325790405
1,6,0.8988816142082214,0.38874804973602295,0.9994442462921143
1,7,0.9202591180801392,0.3957998752593994,0.9990369081497192
1,8,0.9041221737861633,0.3943425416946411,0.9992780685424805
1,9,0.9039500951766968,0.4060782492160797,0.9988880157470703
1,10,0.8987306952476501,0.40555280447006226,0.9988111257553101
1,11,0.942858874797821,0.4448125660419464,0.9987258315086365
1,12,0.8977543115615845,0.4525415599346161,0.9990347027778625
1,13,0.9667063355445862,0.5100212097167969,0.9595823287963867
1,14,0.8859453797340393,0.5111907720565796,0.6497427225112915
1,15,0.9465839862823486,0.5543145537376404,0.8956446051597595
1,16,0.8766880631446838,0.5366196632385254,0.6526715159416199
1,17,0.9458242058753967,0.5662176609039307,0.8525699973106384
1,18,0.8740565180778503,0.5492120981216431,0.5813313722610474
1,19,0.9390711188316345,0.5660287141799927,0.8462565541267395
1,20,0.8749648332595825,0.5483591556549072,0.5879478454589844
1,21,0.9367840886116028,0.5594596266746521,0.8042211532592773
1,22,0.877651572227478,0.544622540473938,0.5851964354515076
1,23,0.9557870626449585,0.5487585663795471,0.9987937211990356
1,24,0.9310464859008789,0.5572373867034912,0.9984896779060364
1,25,0.916955828666687,0.6414029598236084,0.975464940071106
1,26,0.9442123174667358,0.6607005596160889,0.6407924890518188
1,27,0.9134610295295715,0.7584546804428101,0.9509656429290771
1,28,0.9674437642097473,0.7566790580749512,0.6863796710968018
1,29,0.9204794764518738,0.7807909250259399,0.9119735360145569
1,30,0.977808952331543,0.769694447517395,0.7051569223403931
1,31,0.8830736875534058,0.7963170409202576,0.9540959000587463
1,32,0.9465423822402954,0.7903501987457275,0.7506451606750488
2,0,0.8836362361907959,0.39832890033721924,0.9994279146194458
2,1,0.8890344500541687,0.39045631885528564,0.9994907379150391
2,2,0.8911898136138916,0.390586256980896,0.9994375705718994
2,3,0.8938230872154236,0.39088571071624756,0.9994848966598511
2,4,0.8857179284095764,0.3905317485332489,0.9994624853134155
2,5,0.885388195514679,0.39068835973739624,0.9993528127670288
2,6,0.8852272033691406,0.3908589482307434,0.9994180202484131
2,7,0.9022315740585327,0.3961310386657715,0.9990556240081787
2,8,0.8903617858886719,0.3953467309474945,0.9992588758468628
2,9,0.8885883092880249,0.4074987769126892,0.9989352226257324
2,10,0.8843068480491638,0.40713831782341003,0.9988322854042053
2,11,0.9220702052116394,0.44487264752388,0.9988335371017456
2,12,0.8820724487304688,0.4522162675857544,0.9990638494491577
2,13,0.9400309920310974,0.5072154402732849,0.9609172344207764
2,14,0.8801293969154358,0.5112007260322571,0.6243672370910645
2,15,0.91551274061203,0.5562589168548584,0.8933279514312744
2,16,0.8730812668800354,0.5485212802886963,0.6268405318260193
2,17,0.9130005836486816,0.5713981986045837,0.847798228263855
2,18,0.8709282875061035,0.5590360760688782,0.5613621473312378
2,19,0.9063729047775269,0.5681688189506531,0.8416333198547363
2,20,0.871469259262085,0.5576940774917603,0.5680010914802551
2,21,0.907011091709137,0.5624148845672607,0.8020641803741455
2,22,0.8746508955955505,0.5533568263053894,0.5655986666679382
2,23,0.9251210689544678,0.5513085126876831,0.9988253712654114
2,24,0.9033069014549255,0.5578796863555908,0.9983339905738831
2,25,0.9005119204521179,0.6548969745635986,0.9750835299491882
2,26,0.9101251363754272,0.6607040762901306,0.6517511606216431
2,27,0.9050813317298889,0.7706010341644287,0.9529105424880981
2,28,0.9513038396835327,0.7480023503303528,0.6955194473266602
2,29,0.9097404479980469,0.7843523621559143,0.9063012003898621
2,30,0.9640364050865173,0.758342981338501,0.7008160352706909
2,31,0.8731727004051208,0.8084209561347961,0.9531787037849426
2,32,0.9312878251075745,0.7835466265678406,0.7501674294471741
3,0,0.8640859723091125,0.4093792736530304,0.999451220035553
3,1,0.8694000244140625,0.4004157781600952,0.999509334564209
3,2,0.8717836737632751,0.40011781454086304,0.9994648098945618
3,3,0.8743701577186584,0.39972764253616333,0.9995087385177612
3,4,0.8652722835540771,0.400810569524765,0.9994745254516602
3,5,0.8647928833961487,0.4007564187049866,0.9993669986724854
3,6,0.8644421100616455,0.4006696343421936,0.9994273781776428
3,7,0.8831920027732849,0.40222305059432983,0.9991195797920227
3,8,0.8705528974533081,0.4032279849052429,0.9992793798446655
3,9,0.8700883388519287,0.41793403029441833,0.9990087747573853
3,10,0.8651155829429626,0.418479323387146,0.9988873600959778
3,11,0.9064210653305054,0.44912466406822205,0.9989442825317383
3,12,0.8666131496429443,0.45717519521713257,0.9991030693054199
3,13,0.9169560670852661,0.5151445865631104,0.9637484550476074
3,14,0.87066650390625,0.5199573040008545,0.5824620723724365
3,15,0.8817726373672485,0.5634485483169556,0.8950622081756592
3,16,0.8685678243637085,0.5623281002044678,0.584286630153656
3,17,0.8743935227394104,0.5784314870834351,0.8472200632095337
3,18,0.8670670986175537,0.5803918242454529,0.5256377458572388
3,19,0.8725834488868713,0.5747735500335693,0.8407554626464844
3,20,0.8674997687339783,0.578798770904541,0.531470537185669
3,21,0.8731785416603088,0.5686883330345154,0.8038325309753418
3,22,0.8690069317817688,0.5704106688499451,0.5296519994735718
3,23,0.9035050272941589,0.5763050317764282,0.9989224672317505
3,24,0.8825342059135437,0.5784507989883423,0.9984316229820251
3,25,0.8803198933601379,0.674453616142273,0.9740432500839233
3,26,0.8857448101043701,0.6718937754631042,0.6477181315422058
3,27,0.9000076055526733,0.7703351974487305,0.953713595867157
3,28,0.925625205039978,0.749797523021698,0.6968461871147156
3,29,0.9081753492355347,0.783234179019928,0.9042155146598816
3,30,0.92760169506073,0.7593494057655334,0.7048293352127075
3,31,0.870884895324707,0.8065140843391418,0.9522477984428406
3,32,0.9086390733718872,0.7838535904884338,0.7500383257865906
4,0,0.8458255529403687,0.41544508934020996,0.9994945526123047
4,1,0.8504349589347839,0.4071856439113617,0.9995481371879578
4,2,0.8528085350990295,0.407302588224411,0.9995092153549194
4,3,0.8554012775421143,0.4073801040649414,0.999548614025116
4,4,0.8469789028167725,0.4069662392139435,0.9995139241218567
4,5,0.8467856645584106,0.40690046548843384,0.9994158744812012
4,6,0.8463194370269775,0.40687012672424316,0.9994714856147766
4,7,0.8658888936042786,0.41177183389663696,0.9991980195045471
4,8,0.8534859418869019,0.41097137331962585,0.9993382692337036
4,9,0.8510305881500244,0.42394113540649414,0.999085545539856
4,10,0.846693754196167,0.4239596426486969,0.9989617466926575
4,11,0.8876179456710815,0.46348798274993896,0.9990443587303162
4,12,0.8509083986282349,0.46542903780937195,0.9991394877433777
4,13,0.893175482749939,0.5300320386886597,0.9661557078361511
4,14,0.8548192381858826,0.5309004783630371,0.5366053581237793
4,15,0.8448505997657776,0.5563359260559082,0.8994932174682617
4,16,0.8501349687576294,0.5636281967163086,0.5433136820793152
4,17,0.8369865417480469,0.5518376231193542,0.8527712225914001
4,18,0.8473197221755981,0.5733048915863037,0.4930684268474579
4,19,0.8335018754005432,0.5478073358535767,0.8463836312294006
4,20,0.8462421894073486,0.5702177882194519,0.4982154369354248
4,21,0.8373727798461914,0.5480834245681763,0.8108770847320557
4,22,0.8493375182151794,0.5667624473571777,0.497097909450531
4,23,0.887004017829895,0.5889127254486084,0.9990229606628418
4,24,0.8655716776847839,0.5898721218109131,0.9985643029212952
4,25,0.869843065738678,0.6843495965003967,0.9753923416137695
4,26,0.8655887246131897,0.6724692583084106,0.6461315155029297
4,27,0.8968876600265503,0.769454300403595,0.956432580947876
4,28,0.9154548645019531,0.725974977016449,0.6860871911048889
4,29,0.9141948223114014,0.7785806059837341,0.9084014892578125
4,30,0.9269360899925232,0.7261122465133667,0.6996091604232788
4,31,0.8741340041160583,0.8056219220161438,0.954455554485321
4,32,0.9120287299156189,0.7661002278327942,0.7456375956535339
5,0,0.8276503682136536,0.418844997882843,0.9994284510612488
5,1,0.8326355814933777,0.41009843349456787,0.9994687438011169
5,2,0.8354528546333313,0.41025838255882263,0.9994319677352905
5,3,0.838388979434967,0.41045859456062317,0.9994769096374512
5,4,0.8280152082443237,0.40980905294418335,0.9993972778320312
5,5,0.826973557472229,0.4096956253051758,0.9992768168449402
5,6,0.8264544010162354,0.4095892310142517,0.9993531703948975
5,7,0.8477403521537781,0.41514548659324646,0.9990636110305786
5,8,0.8323509097099304,0.413047194480896,0.9991403222084045
5,9,0.8336328268051147,0.42925551533699036,0.9990538358688354
5,10,0.8280420303344727,0.42777737975120544,0.9988856911659241
5,11,0.869071900844574,0.46674782037734985,0.9991024136543274
5,12,0.8254552483558655,0.46381011605262756,0.9991387128829956
5,13,0.864717960357666,0.5407300591468811,0.9599917531013489
5,14,0.8124500513076782,0.5271169543266296,0.5153638124465942
5,15,0.8258252739906311,0.5507218241691589,0.8839645385742188
5,16,0.8352645039558411,0.5503200888633728,0.521053671836853
5,17,0.8154618740081787,0.5456741452217102,0.8381919264793396
5,18,0.8394820094108582,0.5562965869903564,0.4773431420326233
5,19,0.816007673740387,0.5346323251724243,0.8315703272819519
5,20,0.8409885764122009,0.5439831614494324,0.48143520951271057
5,21,0.8195726275444031,0.5348509550094604,0.7941983342170715
5,22,0.841251015663147,0.5419748425483704,0.4791657030582428
5,23,0.8711506128311157,0.5899871587753296,0.9990901350975037
5,24,0.8440808057785034,0.5915497541427612,0.9986242055892944
5,25,0.8682311177253723,0.6871306300163269,0.9752286672592163
5,26,0.8164684772491455,0.671328067779541,0.6464583277702332
5,27,0.895269513130188,0.7709052562713623,0.9544596076011658
5,28,0.8837664127349854,0.7099564671516418,0.6513723731040955
5,29,0.9041778445243835,0.7791921496391296,0.8969792127609253
5,30,0.8917361497879028,0.7030366063117981,0.6773720979690552
5,31,0.8799376487731934,0.8069523572921753,0.9496426582336426
5,32,0.881435751914978,0.7429126501083374,0.715604305267334
6,0,0.8058264255523682,0.41579902172088623,0.9994826316833496
6,1,0.8102545142173767,0.40721291303634644,0.9995187520980835
6,2,0.8124651312828064,0.40733641386032104,0.9994852542877197
6,3,0.8151617050170898,0.40757930278778076,0.9995260238647461
6,4,0.8070425391197205,0.4070817828178406,0.9994518756866455
6,5,0.806922972202301,0.40704143047332764,0.9993405342102051
6,6,0.8068877458572388,0.40701085329055786,0.9994106888771057
6,7,0.824553906917572,0.4123971164226532,0.9991506934165955
6,8,0.812288761138916,0.4107714891433716,0.9992119669914246
6,9,0.8109526634216309,0.42588287591934204,0.9991276860237122
6,10,0.8071721196174622,0.4249010980129242,0.9989549517631531
6,11,0.8362603187561035,0.4640692174434662,0.9991853833198547
6,12,0.8112120032310486,0.46327462792396545,0.9991737008094788
6,13,0.8278810381889343,0.5369770526885986,0.9606216549873352
6,14,0.811765730381012,0.5277867317199707,0.47819963097572327
6,15,0.7914330363273621,0.5395528674125671,0.8848246335983276
6,16,0.8187031149864197,0.5490021705627441,0.4934861660003662
6,17,0.7830971479415894,0.5406646728515625,0.8400248885154724
6,18,0.819257378578186,0.5556085705757141,0.45609086751937866
6,19,0.781978964805603,0.5312413573265076,0.833186149597168
6,20,0.8207823038101196,0.5443996787071228,0.45911547541618347
6,21,0.7861185669898987,0.5307325720787048,0.7960776090621948
6,22,0.8215823769569397,0.542273223400116,0.45706409215927124
6,23,0.8519251346588135,0.5826901793479919,0.999164342880249
6,24,0.8294131755828857,0.5863187313079834,0.9987163543701172
6,25,0.860417366027832,0.6787123680114746,0.9761312007904053
6,26,0.7900190353393555,0.6617522835731506,0.651978075504303
6,27,0.8941610455513,0.7671644687652588,0.9568271636962891
6,28,0.845572829246521,0.7137466669082642,0.6506933569908142
6,29,0.9016603231430054,0.7734174728393555,0.8992475867271423
6,30,0.8590835332870483,0.7155574560165405,0.6829500794410706
6,31,0.8817309141159058,0.8060476779937744,0.9507848620414734
6,32,0.8317391872406006,0.7512993216514587,0.7125672698020935
7,0,0.7846426963806152,0.40941157937049866,0.9995318055152893
7,1,0.7902151346206665,0.40139907598495483,0.9995639324188232
7,2,0.7926685810089111,0.40171706676483154,0.999533474445343
7,3,0.7952957153320312,0.4020206928253174,0.9995701909065247
7,4,0.7866122722625732,0.40112757682800293,0.9995019435882568
7,5,0.7864421606063843,0.4011576771736145,0.9993999004364014
7,6,0.7857704758644104,0.4013179540634155,0.9994639158248901
7,7,0.8036430478096008,0.4075680673122406,0.9992285370826721
7,8,0.7930125594139099,0.4057883620262146,0.999273419380188
7,9,0.7899138331413269,0.4204886853694916,0.9991848468780518
7,10,0.7857148051261902,0.41928213834762573,0.9990081191062927
7,11,0.8119142055511475,0.4562760889530182,0.9992570877075195
7,12,0.7914448380470276,0.45901796221733093,0.9992111921310425
7,13,0.7935616374015808,0.5305435657501221,0.9592254757881165
7,14,0.7952410578727722,0.5273208618164062,0.43965932726860046
7,15,0.7668002843856812,0.5231556296348572,0.8810107111930847
7,16,0.799656331539154,0.542689323425293,0.46417737007141113
7,17,0.760316789150238,0.5238370299339294,0.8373567461967468
7,18,0.7994926571846008,0.5485459566116333,0.4339548349380493
7,19,0.7618972659111023,0.5155187249183655,0.8303698301315308
7,20,0.8005545139312744,0.5406370162963867,0.4366413652896881
7,21,0.7652773261070251,0.5159117579460144,0.7926201820373535
7,22,0.801647961139679,0.538772702217102,0.43476438522338867
7,23,0.8290560245513916,0.580645740032196,0.9992252588272095
7,24,0.8069616556167603,0.5841749310493469,0.9988110065460205
7,25,0.8530000448226929,0.677385151386261,0.9771651029586792
7,26,0.7686000466346741,0.6526093482971191,0.6657601594924927
7,27,0.8890739679336548,0.7526627779006958,0.9599385261535645
7,28,0.8010546565055847,0.7281972765922546,0.6747060418128967
7,29,0.9014372825622559,0.7649828195571899,0.9029355645179749
7,30,0.814600944519043,0.7380691766738892,0.7019619345664978
7,31,0.8813667297363281,0.7953830361366272,0.953416109085083
7,32,0.7781392335891724,0.7587732672691345,0.7303763628005981
8,0,0.7639738321304321,0.40033599734306335,0.9995741248130798
8,1,0.770682692527771,0.39267200231552124,0.9996023774147034
8,2,0.7730237245559692,0.3931003212928772,0.9995744824409485
8,3,0.7753346562385559,0.39351916313171387,0.9996079206466675
8,4,0.7666839361190796,0.3921634256839752,0.9995445013046265
8,5,0.7662658095359802,0.39213547110557556,0.9994506239891052
8,6,0.7656649351119995,0.39223945140838623,0.9995096325874329
8,7,0.7827323079109192,0.39884573221206665,0.9992979168891907
8,8,0.7718451619148254,0.3966403901576996,0.9993228912353516
8,9,0.7692625522613525,0.41089603304862976,0.9992393255233765
8,10,0.7643160223960876,0.4099089801311493,0.9990631937980652
8,11,0.788322389125824,0.44668304920196533,0.9993274807929993
8,12,0.7684174180030823,0.45353418588638306,0.9992759823799133
8,13,0.7740947008132935,0.516667902469635,0.9602052569389343
8,14,0.7749740481376648,0.5230493545532227,0.4047253429889679
8,15,0.7399181723594666,0.5186961889266968,0.8796493411064148
8,16,0.7741639614105225,0.5365500450134277,0.43528181314468384
8,17,0.731349527835846,0.5223804116249084,0.8363529443740845
8,18,0.7731099724769592,0.5422048568725586,0.4133886694908142
8,19,0.7322245836257935,0.5146148204803467,0.8291527032852173
8,20,0.7727504372596741,0.5360203385353088,0.41599687933921814
8,21,0.7363545894622803,0.5137768387794495,0.7917667627334595
8,22,0.7742559909820557,0.5339983105659485,0.4146934449672699
8,23,0.8025464415550232,0.5798237323760986,0.9992955327033997
8,24,0.7824456095695496,0.5820067524909973,0.9989228844642639
8,25,0.826693058013916,0.6701475977897644,0.9769520163536072
8,26,0.7484540343284607,0.6549018621444702,0.6786532402038574
8,27,0.8822520971298218,0.7309374809265137,0.9609342217445374
8,28,0.7629489302635193,0.7548908591270447,0.697429895401001
8,29,0.8955212831497192,0.7320012450218201,0.9017586708068848
8,30,0.7733550071716309,0.7667235732078552,0.7189443707466125
8,31,0.8789463639259338,0.7719828486442566,0.9533132314682007
8,32,0.7422968745231628,0.7858484387397766,0.7461758255958557
9,0,0.7406600117683411,0.39815765619277954,0.9996140599250793
9,1,0.7467942237854004,0.3904168903827667,0.999638557434082
9,2,0.7490379214286804,0.39068254828453064,0.9996140599250793
9,3,0.7513014078140259,0.3909173309803009,0.999643862247467
9,4,0.7436931133270264,0.39006564021110535,0.9995847344398499
9,5,0.7437198162078857,0.3899949789047241,0.999500036239624
9,6,0.7438814043998718,0.38995662331581116,0.9995527863502502
9,7,0.759766697883606,0.39585232734680176,0.9993643760681152
9,8,0.7523043155670166,0.3941226005554199,0.9993788599967957
9,9,0.7453622817993164,0.4085705280303955,0.9992991089820862
9,10,0.7419307231903076,0.4071912467479706,0.9991263747215271
9,11,0.7669402360916138,0.4432511031627655,0.9993934631347656
9,12,0.7539885640144348,0.44824081659317017,0.9993429780006409
9,13,0.753220796585083,0.507897675037384,0.9631969332695007
9,14,0.7661607265472412,0.5229511260986328,0.3777012228965759
9,15,0.7303968071937561,0.5207424759864807,0.8851180672645569
9,16,0.7691911458969116,0.5414917469024658,0.4120533764362335
9,17,0.7245394587516785,0.5255270004272461,0.8422272205352783
9,18,0.7697336077690125,0.5480573177337646,0.3953278064727783
9,19,0.7263230085372925,0.5185266137123108,0.8348751664161682
9,20,0.767409086227417,0.5427615642547607,0.3974382281303406
9,21,0.7295604944229126,0.5173505544662476,0.7979744076728821
9,22,0.7682243585586548,0.5399402976036072,0.395070880651474
9,23,0.7794627547264099,0.5754395127296448,0.9993622899055481
9,24,0.767108678817749,0.5774657726287842,0.9990280866622925
9,25,0.795054018497467,0.6689598560333252,0.9755792021751404
9,26,0.7328727841377258,0.6613948345184326,0.6885754466056824
9,27,0.8657576441764832,0.715583086013794,0.9591696262359619
9,28,0.7434936761856079,0.7760804891586304,0.7175968289375305
9,29,0.8793521523475647,0.715122640132904,0.8999184370040894
9,30,0.7543199062347412,0.7887903451919556,0.7335362434387207
9,31,0.8700398802757263,0.7578190565109253,0.9500908851623535
9,32,0.7174745202064514,0.8102610111236572,0.7581347227096558
10,0,0.7195040583610535,0.3966169059276581,0.999629557132721
10,1,0.7257496118545532,0.38902798295021057,0.9996472597122192
10,2,0.7278886437416077,0.38941845297813416,0.9996243119239807
10,3,0.7301226854324341,0.3898668587207794,0.9996565580368042
10,4,0.7233763933181763,0.38879311084747314,0.9995822310447693
10,5,0.7236306667327881,0.3888912498950958,0.9994938373565674
10,6,0.7235816121101379,0.38900747895240784,0.9995521306991577
10,7,0.7402859926223755,0.39633315801620483,0.9993962049484253
10,8,0.7322247624397278,0.3943856656551361,0.9993389248847961
10,9,0.7231455445289612,0.40777239203453064,0.999298632144928
10,10,0.7206847071647644,0.40641939640045166,0.9990901350975037
10,11,0.7490958571434021,0.4433582127094269,0.9994510412216187
10,12,0.7298011183738708,0.4492616057395935,0.999390184879303
10,13,0.7446454167366028,0.5092227458953857,0.9661470055580139
10,14,0.7375686764717102,0.5249739289283752,0.3482731878757477
10,15,0.7196205258369446,0.5369148254394531,0.8912046551704407
10,16,0.7243731021881104,0.5588363409042358,0.38830652832984924
10,17,0.7105588912963867,0.5558075904846191,0.8487432599067688
10,18,0.7197189331054688,0.5693389177322388,0.3762863278388977
10,19,0.7080498933792114,0.5509066581726074,0.8417960405349731
10,20,0.7177228331565857,0.5663878917694092,0.37885671854019165
10,21,0.7110964059829712,0.5468978881835938,0.8060006499290466
10,22,0.7202059626579285,0.5620223879814148,0.37746965885162354
10,23,0.7574893236160278,0.5753529667854309,0.9994176030158997
10,24,0.7427788376808167,0.5774048566818237,0.9991188645362854
10,25,0.7502071857452393,0.6663994789123535,0.9754237532615662
10,26,0.7193648219108582,0.6761118173599243,0.7014403343200684
10,27,0.8324748277664185,0.7086324691772461,0.9558108448982239
10,28,0.7347304224967957,0.7862476706504822,0.7338040471076965
10,29,0.8472211956977844,0.7103872895240784,0.8957914710044861
10,30,0.7443685531616211,0.7982032895088196,0.7456467747688293
10,31,0.8333613276481628,0.7496194243431091,0.9446892738342285
10,32,0.7154808044433594,0.8183448910713196,0.7672809362411499
11,0,0.6987966299057007,0.3996981978416443,0.9996564388275146
11,1,0.7042192816734314,0.3916648030281067,0.9996697306632996
11,2,0.7063416242599487,0.39216285943984985,0.9996500611305237
11,3,0.7089080214500427,0.3927023112773895,0.9996803402900696
11,4,0.7018141150474548,0.39117199182510376,0.9996007680892944
11,5,0.7020704746246338,0.39120277762413025,0.9995151162147522
11,6,0.7024163007736206,0.3912403881549835,0.999569833278656
11,7,0.7197823524475098,0.3999160826206207,0.9994441866874695
11,8,0.7108316421508789,0.3972603976726532,0.9993332028388977
11,9,0.7027895450592041,0.41052067279815674,0.9993022680282593
11,10,0.700261116027832,0.4091147780418396,0.9990447163581848
11,11,0.7352070212364197,0.4502405524253845,0.9995006322860718
11,12,0.7092037200927734,0.4526972770690918,0.9994236826896667
11,13,0.7279782891273499,0.523822546005249,0.9689664840698242
11,14,0.7098289728164673,0.5245242714881897,0.32693639397621155
11,15,0.6907088160514832,0.5554008483886719,0.8987247347831726
11,16,0.6745908260345459,0.5577194690704346,0.37987616658210754
11,17,0.6814475655555725,0.5669544339179993,0.8573710918426514
11,18,0.6631128787994385,0.564802885055542,0.37155047059059143
11,19,0.677770733833313,0.5592167377471924,0.850922703742981
11,20,0.6596379280090332,0.5646809339523315,0.3753351867198944
11,21,0.681864857673645,0.5559040904045105,0.816458523273468
11,22,0.6651290655136108,0.5585452318191528,0.3747769296169281
11,23,0.7356669306755066,0.5809796452522278,0.9994706511497498
11,24,0.71967613697052,0.5826573371887207,0.9992035627365112
11,25,0.7157673239707947,0.6751951575279236,0.9742661714553833
11,26,0.710728108882904,0.686793863773346,0.7146841883659363
11,27,0.7944811582565308,0.7163732647895813,0.951133668422699
11,28,0.7331825494766235,0.7856423854827881,0.750008225440979
11,29,0.8107235431671143,0.6964515447616577,0.8888949751853943
11,30,0.7434179782867432,0.7960045337677002,0.7573071718215942
11,31,0.8025849461555481,0.7434701323509216,0.9419608116149902
11,32,0.720792829990387,0.8159482479095459,0.7804080247879028
12,0,0.678903341293335,0.40458691120147705,0.9995289444923401
12,1,0.6844425201416016,0.3966801166534424,0.999525249004364
12,2,0.6864354610443115,0.3971307575702667,0.9995196461677551
12,3,0.6884185075759888,0.3977196514606476,0.9995695352554321
12,4,0.6834632158279419,0.39619553089141846,0.9993400573730469
12,5,0.6840988397598267,0.3962586522102356,0.9992190003395081
12,6,0.684841513633728,0.39609235525131226,0.9993143081665039
12,7,0.699392557144165,0.40583035349845886,0.9992930293083191
12,8,0.693452775478363,0.40344351530075073,0.9987685680389404
12,9,0.6819383502006531,0.41580983996391296,0.9986314177513123
12,10,0.6804237961769104,0.41451358795166016,0.9978838562965393
12,11,0.7072259187698364,0.4554198682308197,0.9995227456092834
12,12,0.6923410892486572,0.4562895596027374,0.9992530941963196
12,13,0.7075793743133545,0.529190182685852,0.9704444408416748
12,14,0.7027623653411865,0.5286466479301453,0.29825010895729065
12,15,0.6830756068229675,0.5681855082511902,0.9003205895423889
12,16,0.686045229434967,0.5605862140655518,0.3507651090621948
12,17,0.6782405972480774,0.5796110033988953,0.8583616614341736
12,18,0.6808363199234009,0.5678465366363525,0.3454286754131317
12,19,0.6755918860435486,0.5723496079444885,0.8522215485572815
12,20,0.6782252192497253,0.5657531023025513,0.34920501708984375
12,21,0.6784185767173767,0.5691230893135071,0.8170381784439087
12,22,0.6803625226020813,0.5625143051147461,0.34873130917549133
12,23,0.7120433449745178,0.5885533094406128,0.9994860291481018
12,24,0.7017734050750732,0.5895388126373291,0.9992350339889526
12,25,0.693146824836731,0.6860390901565552,0.9702628254890442
12,26,0.6974624395370483,0.6911439299583435,0.6836579442024231
12,27,0.7382308840751648,0.7563328742980957,0.9477083683013916
12,28,0.7272531390190125,0.7809659242630005,0.734724223613739
12,29,0.7517715692520142,0.7593424320220947,0.8869853019714355
12,30,0.7325758337974548,0.797327995300293,0.7500894069671631
12,31,0.7282286882400513,0.7852683067321777,0.9387224316596985
12,32,0.7147138118743896,0.8091742396354675,0.7698941230773926
13,0,0.6553399562835693,0.4104350507259369,0.9995389580726624
13,1,0.6614208817481995,0.4031084477901459,0.9995275139808655
13,2,0.66283118724823,0.40358948707580566,0.9995254874229431
13,3,0.6653771996498108,0.40400272607803345,0.9995781183242798
13,4,0.6607525944709778,0.40258100628852844,0.999315619468689
13,5,0.6615217924118042,0.4026525318622589,0.999186098575592
13,6,0.6623890995979309,0.40270429849624634,0.9992866516113281
13,7,0.6764559745788574,0.4125726819038391,0.9993169903755188
13,8,0.6710993051528931,0.409961998462677,0.9986881017684937
13,9,0.6584530472755432,0.42178210616111755,0.9986587166786194
13,10,0.6576335430145264,0.4206608235836029,0.9978737235069275
13,11,0.6841008067131042,0.4612851142883301,0.9995667338371277
13,12,0.6741198897361755,0.4611809551715851,0.9992656111717224
13,13,0.6995439529418945,0.5338199138641357,0.9729493260383606
13,14,0.680523157119751,0.5348640084266663,0.2724798917770386
13,15,0.6755508184432983,0.5853504538536072,0.9060446619987488
13,16,0.6551041603088379,0.5670631527900696,0.3239564597606659
13,17,0.6719567775726318,0.6002658009529114,0.8644691705703735
13,18,0.6481112837791443,0.5740721225738525,0.3211372494697571
13,19,0.6662115454673767,0.5958022475242615,0.8586058616638184
13,20,0.6437186598777771,0.573110818862915,0.3248593509197235
13,21,0.6685672998428345,0.5911720395088196,0.8244638442993164
13,22,0.6465364694595337,0.5706191658973694,0.3250523805618286
13,23,0.6899153590202332,0.5928829312324524,0.9995332360267639
13,24,0.6838369965553284,0.594769299030304,0.9993075728416443
13,25,0.6582165360450745,0.6823877692222595,0.9667212963104248
13,26,0.6666656136512756,0.693523645401001,0.6740502715110779
13,27,0.7324734926223755,0.7235521078109741,0.9394300580024719
13,28,0.7152153849601746,0.7786777019500732,0.7401032447814941
13,29,0.7483735084533691,0.7226938009262085,0.8839560151100159
13,30,0.7264659404754639,0.790527880191803,0.7606318593025208
13,31,0.7329792380332947,0.7543215155601501,0.9331246018409729
13,32,0.7089414596557617,0.8073579668998718,0.7752459645271301
14,0,0.6348699927330017,0.40979230403900146,0.9995589852333069
14,1,0.6396616697311401,0.40278154611587524,0.9995428323745728
14,2,0.641142725944519,0.4032062888145447,0.9995419383049011
14,3,0.6427944898605347,0.4036130905151367,0.9995939135551453
14,4,0.638229250907898,0.4023017883300781,0.9993080496788025
14,5,0.6385986804962158,0.40235525369644165,0.999171257019043
14,6,0.6384586095809937,0.4024099111557007,0.9992736577987671
14,7,0.6520792841911316,0.41112756729125977,0.9993432760238647
14,8,0.6452124118804932,0.4087296724319458,0.998645544052124
14,9,0.6382559537887573,0.42096924781799316,0.9987325072288513
14,10,0.6365375518798828,0.4199489951133728,0.9979525208473206
14,11,0.665393590927124,0.4597080647945404,0.9996082782745361
14,12,0.648426353931427,0.46119657158851624,0.9993032217025757
14,13,0.6875395178794861,0.5277817249298096,0.9752525091171265
14,14,0.6431116461753845,0.5296344757080078,0.2631145119667053
14,15,0.6643625497817993,0.5776776671409607,0.9125493168830872
14,16,0.6134714484214783,0.5501883029937744,0.32615241408348083
14,17,0.6607211828231812,0.587567925453186,0.8728272318840027
14,18,0.6054520010948181,0.5543320178985596,0.3241010308265686
14,19,0.6543707847595215,0.582467794418335,0.8673771023750305
14,20,0.6014721989631653,0.5522652864456177,0.32855793833732605
14,21,0.6572530269622803,0.5821570754051208,0.8347582817077637
14,22,0.6049280166625977,0.5511703491210938,0.3298111855983734
14,23,0.6743876338005066,0.5896384716033936,0.9995737075805664
14,24,0.6619464159011841,0.5925833582878113,0.9993653297424316
14,25,0.658663272857666,0.6803082823753357,0.9670975804328918
14,26,0.6326554417610168,0.6787347793579102,0.6721338629722595
14,27,0.7081265449523926,0.7511424422264099,0.9417869448661804
14,28,0.692596435546875,0.75934237241745,0.744717001914978
14,29,0.7208722233772278,0.7563119530677795,0.8875947594642639
14,30,0.7086109519004822,0.7680380940437317,0.7710998058319092
14,31,0.698015570640564,0.7863378524780273,0.9354807734489441
14,32,0.6786695718765259,0.7884081602096558,0.7814317941665649
15,0,0.6102845668792725,0.40305688977241516,0.9995885491371155
15,1,0.6149740815162659,0.3962268829345703,0.9995705485343933
15,2,0.6169605255126953,0.39655062556266785,0.9995709657669067
15,3,0.6191259026527405,0.3968609869480133,0.9996200799942017
15,4,0.6125880479812622,0.39569905400276184,0.9993380308151245
15,5,0.6125669479370117,0.39568209648132324,0.9992058873176575
15,6,0.6126305460929871,0.39567410945892334,0.9992982745170593
15,7,0.6286649703979492,0.40248996019363403,0.9993951320648193
15,8,0.6183615922927856,0.400577187538147,0.9987019300460815
15,9,0.6139770150184631,0.4127218723297119,0.9988337159156799
15,10,0.6113319993019104,0.4123898148536682,0.9980984926223755
15,11,0.6473150253295898,0.4507195055484772,0.9996463060379028
15,12,0.6165522933006287,0.4563305675983429,0.999351441860199
15,13,0.6750592589378357,0.5130876898765564,0.9776601195335388
15,14,0.6083745956420898,0.5151891708374023,0.2900954782962799
15,15,0.6544369459152222,0.5719969272613525,0.9205802083015442
15,16,0.5723448395729065,0.525073766708374,0.3661636710166931
15,17,0.648509681224823,0.5820841193199158,0.8837249279022217
15,18,0.5633669495582581,0.5283276438713074,0.3613177239894867
15,19,0.6429897546768188,0.5747729539871216,0.8787482380867004
15,20,0.5597711205482483,0.5258342027664185,0.36650121212005615
15,21,0.6431941390037537,0.5736271739006042,0.8489289879798889
15,22,0.5642555356025696,0.5256085395812988,0.36863091588020325
15,23,0.6471759080886841,0.5808033347129822,0.9996119141578674
15,24,0.6370439529418945,0.5886765122413635,0.9994202852249146
15,25,0.6260250806808472,0.671985387802124,0.9620966911315918
15,26,0.6199045181274414,0.6752886176109314,0.6635066866874695
15,27,0.6747229695320129,0.7542240023612976,0.935417890548706
15,28,0.6800930500030518,0.7603592276573181,0.7412139177322388
15,29,0.6905713677406311,0.7605522274971008,0.8811237215995789
15,30,0.6978582739830017,0.7697426676750183,0.7750981450080872
15,31,0.6579754948616028,0.7922732830047607,0.9302188158035278
15,32,0.6610226631164551,0.7897343635559082,0.7791345119476318
16,0,0.5875431895256042,0.3953641653060913,0.9995974898338318
16,1,0.592524528503418,0.3873700797557831,0.999580979347229
16,2,0.5947019457817078,0.38752153515815735,0.9995840787887573
16,3,0.597073495388031,0.3877592384815216,0.999631941318512
16,4,0.590107798576355,0.3871895670890808,0.999335527420044
16,5,0.5901580452919006,0.38720953464508057,0.9991995096206665
16,6,0.5903141498565674,0.3872498869895935,0.9992830157279968
16,7,0.6068336963653564,0.3929601311683655,0.9994245767593384
16,8,0.5963759422302246,0.3915571868419647,0.9986926913261414
16,9,0.591676652431488,0.4058501422405243,0.9988852143287659
16,10,0.5889853835105896,0.4052170515060425,0.9981570839881897
16,11,0.6235340237617493,0.44207948446273804,0.9996778964996338
16,12,0.5961112976074219,0.4468451738357544,0.9993686079978943
16,13,0.6448494791984558,0.5032464861869812,0.9795690774917603
16,14,0.5905158519744873,0.5034235715866089,0.2843162715435028
16,15,0.6254598498344421,0.5528512597084045,0.9263973236083984
16,16,0.5670740604400635,0.5216836929321289,0.3697603940963745
16,17,0.6253229975700378,0.5667187571525574,0.8910917639732361
16,18,0.5586576461791992,0.5268247723579407,0.3647962212562561
16,19,0.6184672713279724,0.5608327388763428,0.8865758776664734
16,20,0.5564828515052795,0.523711085319519,0.37082886695861816
16,21,0.6177241802215576,0.5581973195075989,0.8586431741714478
16,22,0.5605660676956177,0.5224612951278687,0.3739541471004486
16,23,0.6169130802154541,0.5748882293701172,0.9996440410614014
16,24,0.6106458902359009,0.5803201198577881,0.9994602799415588
16,25,0.574496865272522,0.6618086695671082,0.9618721604347229
16,26,0.6351611614227295,0.6650346517562866,0.6719619631767273
16,27,0.603427529335022,0.766281008720398,0.9373291730880737
16,28,0.6923003196716309,0.7471392154693604,0.7550386190414429
16,29,0.6157782673835754,0.7786110043525696,0.8833571672439575
16,30,0.7085733413696289,0.7589101195335388,0.7884764671325684
16,31,0.5779911279678345,0.8002220392227173,0.9303541779518127
16,32,0.680738627910614,0.7701364755630493,0.7866546511650085
17,0,0.565398633480072,0.3913081884384155,0.999599814414978
17,1,0.5699554681777954,0.382386714220047,0.9995862245559692
17,2,0.5718061923980713,0.38252803683280945,0.9995906949043274
17,3,0.5740342736244202,0.38273918628692627,0.9996413588523865
17,4,0.5679079294204712,0.38215115666389465,0.9993365406990051
17,5,0.5679243803024292,0.38206547498703003,0.9991973638534546
17,6,0.568160891532898,0.3819848299026489,0.9992756247520447
17,7,0.5851172208786011,0.3880966305732727,0.9994403719902039
17,8,0.5767983198165894,0.3863847851753235,0.9986774325370789
17,9,0.5691769123077393,0.40166306495666504,0.9989559650421143
17,10,0.5669949650764465,0.4006243944168091,0.9982540607452393
17,11,0.6042514443397522,0.43751150369644165,0.9997076392173767
17,12,0.5728234648704529,0.44091498851776123,0.9993863105773926
17,13,0.6294999718666077,0.4945082664489746,0.981349766254425
17,14,0.565613865852356,0.4966069757938385,0.2889094650745392
17,15,0.6030467748641968,0.5413567423820496,0.9320434331893921
17,16,0.5521262288093567,0.5198924541473389,0.37837645411491394
17,17,0.6008403301239014,0.5540966987609863,0.8981093764305115
17,18,0.546800434589386,0.5270893573760986,0.36967986822128296
17,19,0.5947985053062439,0.5516200661659241,0.8938177824020386
17,20,0.5455576181411743,0.5245628356933594,0.3756551742553711
17,21,0.5946013331413269,0.5456059575080872,0.8675599098205566
17,22,0.5486053824424744,0.5224530696868896,0.37825679779052734
17,23,0.5934396982192993,0.5716454982757568,0.9996745586395264
17,24,0.5843983292579651,0.5761148929595947,0.9994857907295227
17,25,0.5565543174743652,0.6618179678916931,0.963679850101471
17,26,0.6185703873634338,0.660609245300293,0.687671422958374
17,27,0.5671874284744263,0.7790215015411377,0.9421108365058899
17,28,0.6758590936660767,0.7256390452384949,0.7721391916275024
17,29,0.5766540765762329,0.7929009795188904,0.8893799185752869
17,30,0.6942864656448364,0.7325385808944702,0.8015154600143433
17,31,0.5412728786468506,0.8097779154777527,0.9347876310348511
17,32,0.6673546433448792,0.7469379901885986,0.7995604872703552
18,0,0.5428153276443481,0.38585421442985535,0.9996015429496765
18,1,0.5481491684913635,0.3775462210178375,0.9995980262756348
18,2,0.5500971674919128,0.377477765083313,0.9996041655540466
18,3,0.551970362663269,0.37737834453582764,0.9996559023857117
18,4,0.5459441542625427,0.37755095958709717,0.9993540644645691
18,5,0.5460697412490845,0.37746304273605347,0.9992172718048096
18,6,0.5463024973869324,0.3772864043712616,0.999289870262146
18,7,0.5611675977706909,0.38281434774398804,0.9994699954986572
18,8,0.5519257187843323,0.3816206157207489,0.9987106323242188
18,9,0.5465162396430969,0.39517298340797424,0.9990177154541016
18,10,0.5438531041145325,0.39464235305786133,0.9983366131782532
18,11,0.5806198716163635,0.4302225112915039,0.9997357130050659
18,12,0.5451364517211914,0.43528032302856445,0.999417781829834
18,13,0.5969348549842834,0.49193185567855835,0.9827020764350891
18,14,0.5486205220222473,0.4938526153564453,0.2870469391345978
18,15,0.565950334072113,0.5420001745223999,0.9353914856910706
18,16,0.5283690094947815,0.5195696353912354,0.3800339698791504
18,17,0.5652615427970886,0.5532068610191345,0.9016275405883789
18,18,0.5214438438415527,0.5269812345504761,0.3711358308792114
18,19,0.5574330687522888,0.5507698059082031,0.8976507186889648
18,20,0.5195039510726929,0.5252310633659363,0.37772905826568604
18,21,0.5568763613700867,0.5445482134819031,0.8727611899375916
18,22,0.523759663105011,0.5228934288024902,0.38044705986976624
18,23,0.5763393044471741,0.5480130910873413,0.9997056126594543
18,24,0.5585047602653503,0.5543355345726013,0.9995296597480774
18,25,0.5427981615066528,0.6537931561470032,0.965871274471283
18,26,0.5871745944023132,0.6554272770881653,0.6968678832054138
18,27,0.5500182509422302,0.7732052206993103,0.9465514421463013
18,28,0.6480889916419983,0.7095685005187988,0.7859572768211365
18,29,0.5604321360588074,0.7802444696426392,0.8956769704818726
18,30,0.6625959873199463,0.7189868688583374,0.812463641166687
18,31,0.5236431956291199,0.8056687712669373,0.9393579959869385
18,32,0.6474636197090149,0.7332313656806946,0.8111424446105957
19,0,0.5210099816322327,0.387426495552063,0.9996345043182373
19,1,0.526293158531189,0.37938129901885986,0.9996305108070374
19,2,0.5280224084854126,0.3794073760509491,0.9996366500854492
19,3,0.5300020575523376,0.37944257259368896,0.99968421459198
19,4,0.5245601534843445,0.3792596161365509,0.9994065761566162
19,5,0.5249134302139282,0.37916526198387146,0.9992812275886536
19,6,0.5253771543502808,0.3790186643600464,0.9993470311164856
19,7,0.5400564670562744,0.3848313093185425,0.999516487121582
19,8,0.5329831838607788,0.3835209608078003,0.9988197088241577
19,9,0.5242887139320374,0.3972092866897583,0.9991047382354736
19,10,0.522350013256073,0.3966628313064575,0.9984786510467529
19,11,0.5544298887252808,0.4334236681461334,0.9997614622116089
19,12,0.5269337296485901,0.43794360756874084,0.9994617104530334
19,13,0.5703539252281189,0.49415576457977295,0.9842458367347717
19,14,0.5286341309547424,0.49719735980033875,0.28530529141426086
19,15,0.5403383374214172,0.5427648425102234,0.9403346180915833
19,16,0.5146076083183289,0.5306788086891174,0.383404940366745
19,17,0.5386666059494019,0.5544646382331848,0.9083052277565002
19,18,0.5043118000030518,0.544971227645874,0.37481409311294556
19,19,0.5292096138000488,0.5515539050102234,0.904593825340271
19,20,0.504718005657196,0.5445544719696045,0.3813195824623108
19,21,0.5324794054031372,0.5459371209144592,0.8813866376876831
19,22,0.5100952386856079,0.5415195822715759,0.38306698203086853
19,23,0.5511910915374756,0.5560395121574402,0.9997339844703674
19,24,0.536665678024292,0.5606739521026611,0.999572217464447
19,25,0.5046874284744263,0.6597146987915039,0.9685252904891968
19,26,0.5436413884162903,0.656578779220581,0.7148798108100891
19,27,0.5281869769096375,0.7703580260276794,0.9512626528739929
19,28,0.6080321073532104,0.7219741344451904,0.8039906024932861
19,29,0.5344176292419434,0.7846415638923645,0.9044868350028992
19,30,0.6239394545555115,0.7337638139724731,0.828458309173584
19,31,0.5030974745750427,0.8076924681663513,0.9445050358772278
19,32,0.5972534418106079,0.7465443015098572,0.8266235589981079
20,0,0.4981221854686737,0.38850972056388855,0.999557614326477
20,1,0.5034803152084351,0.38052505254745483,0.9995231628417969
20,2,0.5053158402442932,0.380508691072464,0.99954754114151
20,3,0.5072177052497864,0.38045746088027954,0.9996072053909302
20,4,0.5024052858352661,0.3803870677947998,0.9992510080337524
20,5,0.5029985904693604,0.3802301287651062,0.9991210699081421
20,6,0.5037106275558472,0.3799639046192169,0.99921715259552
20,7,0.5176375508308411,0.3849691152572632,0.9994378685951233
20,8,0.5118303894996643,0.3843517303466797,0.9986058473587036
20,9,0.5016622543334961,0.3985510766506195,0.9989725351333618
20,10,0.5002996325492859,0.3978215754032135,0.9982178807258606
20,11,0.5327123403549194,0.43527019023895264,0.9997792840003967
20,12,0.5072250366210938,0.44043007493019104,0.9994611740112305
20,13,0.5345579981803894,0.5056170225143433,0.9852762222290039
20,14,0.5127418637275696,0.5108694434165955,0.2636239230632782
20,15,0.5013289451599121,0.5478848814964294,0.9420582056045532
20,16,0.49969905614852905,0.5552961230278015,0.35821110010147095
20,17,0.4923342764377594,0.5652918815612793,0.9102692604064941
20,18,0.49268871545791626,0.5709927082061768,0.35360249876976013
20,19,0.48815804719924927,0.5596622824668884,0.9065490961074829
20,20,0.48984605073928833,0.5698190927505493,0.36009207367897034
20,21,0.4915344715118408,0.554306149482727,0.8828155398368835
20,22,0.49411308765411377,0.5658575892448425,0.3619596064090729
20,23,0.5305267572402954,0.5650296211242676,0.999746561050415
20,24,0.5159328579902649,0.5664787888526917,0.9995948076248169
20,25,0.5079929232597351,0.6691279411315918,0.9681476950645447
20,26,0.5124563574790955,0.670832097530365,0.6912413835525513
20,27,0.5546322464942932,0.7690469026565552,0.952075183391571
20,28,0.5400829911231995,0.7671842575073242,0.791655421257019
20,29,0.5685483813285828,0.7762966752052307,0.9071444272994995
20,30,0.5446956753730774,0.7876647710800171,0.8201071619987488
20,31,0.5413554906845093,0.8049098253250122,0.9460567235946655
20,32,0.524686336517334,0.7973232865333557,0.8221767544746399
21,0,0.47094404697418213,0.3888360857963562,0.9995026588439941
21,1,0.47810471057891846,0.3810804784297943,0.999477744102478
21,2,0.4798116087913513,0.38134413957595825,0.9995149970054626
21,3,0.4817505180835724,0.38172730803489685,0.9995692372322083
21,4,0.47668448090553284,0.380818247795105,0.9991628527641296
21,5,0.4773885905742645,0.3808079659938812,0.9990390539169312
21,6,0.4782794415950775,0.3807845115661621,0.9991453886032104
21,7,0.493498831987381,0.39054548740386963,0.9994166493415833
21,8,0.48722580075263977,0.3882640600204468,0.9985151290893555
21,9,0.47450706362724304,0.3995001018047333,0.9987284541130066
21,10,0.47273266315460205,0.3982306122779846,0.9977951049804688
21,11,0.5067711472511292,0.45146164298057556,0.9997913837432861
21,12,0.48648935556411743,0.44197237491607666,0.9994402527809143
21,13,0.4977917969226837,0.5292606949806213,0.985019862651825
21,14,0.4922812879085541,0.5112794041633606,0.24265353381633759
21,15,0.4545401334762573,0.5299832224845886,0.9399731159210205
21,16,0.4709528088569641,0.5272322297096252,0.33345696330070496
21,17,0.44258561730384827,0.530701756477356,0.9079599380493164
21,18,0.4649967551231384,0.5277983546257019,0.3326510787010193
21,19,0.4420906901359558,0.5127391815185547,0.904026210308075
21,20,0.46100980043411255,0.5236485004425049,0.33870071172714233
21,21,0.44822829961776733,0.5184161067008972,0.8782039284706116
21,22,0.464144766330719,0.5243258476257324,0.3408205807209015
21,23,0.5094451308250427,0.5759589672088623,0.9997517466545105
21,24,0.4935001730918884,0.5727986097335815,0.999601423740387
21,25,0.48275333642959595,0.680213212966919,0.9682077169418335
21,26,0.4949856698513031,0.675064206123352,0.6644129157066345
21,27,0.5330042243003845,0.7802671790122986,0.9541767239570618
21,28,0.536465048789978,0.7669545412063599,0.7807710766792297
21,29,0.5421533584594727,0.7881202697753906,0.9111706018447876
21,30,0.5413433909416199,0.7861331701278687,0.8144993782043457
21,31,0.5201420187950134,0.8254715800285339,0.9481070041656494
21,32,0.52576744556427,0.8034497499465942,0.8163345456123352
22,0,0.45010584592819214,0.3897411525249481,0.999383270740509
22,1,0.45651617646217346,0.38288015127182007,0.9993962645530701
22,2,0.45799916982650757,0.3835987150669098,0.9994443655014038
22,3,0.45973676443099976,0.38460028171539307,0.9995020627975464
22,4,0.4559156596660614,0.3824588656425476,0.9989809989929199
22,5,0.4568854868412018,0.38278090953826904,0.9988691806793213
22,6,0.4581037759780884,0.38328325748443604,0.9990279078483582
22,7,0.47134479880332947,0.39618921279907227,0.9993214011192322
22,8,0.4681060314178467,0.3942483961582184,0.9983825087547302
22,9,0.45262810587882996,0.40166065096855164,0.9985325932502747
22,10,0.4515708386898041,0.4002901315689087,0.9974274039268494
22,11,0.47491294145584106,0.45195305347442627,0.9998047947883606
22,12,0.4691846966743469,0.4464212954044342,0.999424159526825
22,13,0.458659827709198,0.5291654467582703,0.9839076399803162
22,14,0.46018487215042114,0.5219849944114685,0.22887639701366425
22,15,0.4218575656414032,0.51692795753479,0.9349349737167358
22,16,0.4371165931224823,0.5121921896934509,0.3217323124408722
22,17,0.4108963906764984,0.513562798500061,0.9027487635612488
22,18,0.43191254138946533,0.505660891532898,0.32536977529525757
22,19,0.4171005189418793,0.49506643414497375,0.8984230756759644
22,20,0.42807525396347046,0.4980657398700714,0.33106091618537903
22,21,0.419141948223114,0.5039938688278198,0.8697789311408997
22,22,0.43059882521629333,0.5007655620574951,0.33344167470932007
22,23,0.4868258237838745,0.5813435316085815,0.9997630715370178
22,24,0.4781534969806671,0.5781455039978027,0.9996077418327332
22,25,0.4766482412815094,0.6818838119506836,0.9683119654655457
22,26,0.46243566274642944,0.6682580709457397,0.624726414680481
22,27,0.5158172845840454,0.7749428153038025,0.9551557898521423
22,28,0.5228230953216553,0.7245783805847168,0.7312157154083252
22,29,0.5297078490257263,0.7831381559371948,0.9143534302711487
22,30,0.5353298783302307,0.7251028418540955,0.7907776832580566
22,31,0.5121049880981445,0.8163910508155823,0.9484360218048096
22,32,0.5220211148262024,0.760752260684967,0.7795190215110779
23,0,0.4287324547767639,0.38983941078186035,0.999362587928772
23,1,0.43428221344947815,0.3828124403953552,0.9993873834609985
23,2,0.43633583188056946,0.38340938091278076,0.9994282126426697
23,3,0.4380871653556824,0.3842005729675293,0.9994911551475525
23,4,0.43296054005622864,0.38232219219207764,0.9989608526229858
23,5,0.4333191215991974,0.38250184059143066,0.9988307356834412
23,6,0.4337570071220398,0.3828107416629791,0.998999834060669
23,7,0.4472956657409668,0.3928698003292084,0.9992998242378235
23,8,0.43866798281669617,0.3903353214263916,0.9982864260673523
23,9,0.43271443247795105,0.4005935490131378,0.9984493255615234
23,10,0.430043488740921,0.39941030740737915,0.997256338596344
23,11,0.4595128297805786,0.43985068798065186,0.9998109340667725
23,12,0.435775488615036,0.44487395882606506,0.999359667301178
23,13,0.4419454038143158,0.5102491974830627,0.9815236330032349
23,14,0.4276670813560486,0.5123317241668701,0.21278661489486694
23,15,0.39267590641975403,0.4848119020462036,0.925639808177948
23,16,0.40376365184783936,0.49149090051651,0.3037061095237732
23,17,0.38601234555244446,0.48258575797080994,0.89290851354599
23,18,0.3977268636226654,0.4866195321083069,0.31208547949790955
23,19,0.3868023753166199,0.4819384217262268,0.887955904006958
23,20,0.394544780254364,0.4795248210430145,0.3173567056655884
23,21,0.3911650478839874,0.4757918119430542,0.8579801321029663
23,22,0.3978247344493866,0.48148325085639954,0.3211345076560974
23,23,0.46686798334121704,0.5762428641319275,0.9997732639312744
23,24,0.4529576301574707,0.5743446350097656,0.9996146559715271
23,25,0.4734675884246826,0.6799392104148865,0.9674057960510254
23,26,0.4081791043281555,0.6521322727203369,0.6079656481742859
23,27,0.5162634253501892,0.7727761268615723,0.9542446732521057
23,28,0.46944329142570496,0.7157124876976013,0.7039589881896973
23,29,0.5281538367271423,0.7809508442878723,0.9104041457176208
23,30,0.49153560400009155,0.7231486439704895,0.7791933417320251
23,31,0.5034934282302856,0.8128818273544312,0.9462989568710327
23,32,0.4584040343761444,0.7536895275115967,0.7580381631851196
24,0,0.40333259105682373,0.38442033529281616,0.9994091391563416
24,1,0.40941739082336426,0.37620964646339417,0.9994303584098816
24,2,0.41163474321365356,0.376630038022995,0.9994651079177856
24,3,0.413931667804718,0.3771722912788391,0.9995243549346924
24,4,0.40738746523857117,0.37573161721229553,0.999030590057373
24,5,0.4077205955982208,0.37578970193862915,0.998898983001709
24,6,0.40723511576652527,0.3760325312614441,0.9990589022636414
24,7,0.42309433221817017,0.3837035000324249,0.9993329048156738
24,8,0.41486626863479614,0.38145118951797485,0.9983351826667786
24,9,0.407717764377594,0.3954041004180908,0.9984960556030273
24,10,0.40516388416290283,0.3940167725086212,0.9973248243331909
24,11,0.4294658303260803,0.4348336160182953,0.9998111724853516
24,12,0.4132927358150482,0.43540269136428833,0.9993075132369995
24,13,0.4184076488018036,0.5036869645118713,0.9745681285858154
24,14,0.41398704051971436,0.49919864535331726,0.19709591567516327
24,15,0.39127159118652344,0.4989336431026459,0.9056755304336548
24,16,0.4149715006351471,0.49535098671913147,0.28337717056274414
24,17,0.38496071100234985,0.501081645488739,0.8727617859840393
24,18,0.41530486941337585,0.4964470863342285,0.294237345457077
24,19,0.38657787442207336,0.4940788447856903,0.8669811487197876
24,20,0.4143866300582886,0.489960253238678,0.29897037148475647
24,21,0.38988837599754333,0.4926339387893677,0.8350154161453247
24,22,0.4149295389652252,0.489944189786911,0.30308446288108826
24,23,0.43851691484451294,0.5692721605300903,0.999773383140564
24,24,0.4221649467945099,0.568361759185791,0.999605655670166
24,25,0.46277448534965515,0.6635720133781433,0.9682989120483398
24,26,0.3840215802192688,0.6419267058372498,0.6194981932640076
24,27,0.5042388439178467,0.7636178135871887,0.956719160079956
24,28,0.4326070249080658,0.7220132350921631,0.7137472629547119
24,29,0.5140952467918396,0.7743018269538879,0.9103580713272095
24,30,0.453202486038208,0.7307195663452148,0.7853430509567261
24,31,0.4936656653881073,0.7955448627471924,0.9479168653488159
24,32,0.4112594723701477,0.7581970691680908,0.7644588351249695
25,0,0.379265159368515,0.37848731875419617,0.9994445443153381
25,1,0.38419535756111145,0.3699761629104614,0.9994551539421082
25,2,0.3859691917896271,0.3700348436832428,0.9994875192642212
25,3,0.3879544138908386,0.37009990215301514,0.9995455741882324
25,4,0.38211771845817566,0.3698467016220093,0.9990555047988892
25,5,0.38236677646636963,0.3697894215583801,0.9989179968833923
25,6,0.38267505168914795,0.369759202003479,0.9990610480308533
25,7,0.39739781618118286,0.3750108480453491,0.9993634223937988
25,8,0.3900674283504486,0.3738972842693329,0.9982606172561646
25,9,0.3828204274177551,0.38803496956825256,0.998591423034668
25,10,0.38090431690216064,0.38748082518577576,0.9974372386932373
25,11,0.408020943403244,0.42774498462677,0.9998276233673096
25,12,0.38360074162483215,0.43047240376472473,0.9993374347686768
25,13,0.4298557639122009,0.4894711673259735,0.976213812828064
25,14,0.3768986463546753,0.48788705468177795,0.18713907897472382
25,15,0.4299004077911377,0.5355186462402344,0.9088654518127441
25,16,0.3777483105659485,0.48341861367225647,0.2738765478134155
25,17,0.43134430050849915,0.5532124042510986,0.8751162886619568
25,18,0.3775953948497772,0.48390763998031616,0.2860352098941803
25,19,0.42568516731262207,0.5494159460067749,0.8694984912872314
25,20,0.3742351830005646,0.47705861926078796,0.29049041867256165
25,21,0.42645999789237976,0.5475508570671082,0.8385612368583679
25,22,0.37426337599754333,0.47725188732147217,0.29402557015419006
25,23,0.4095037281513214,0.5639194846153259,0.9997877478599548
25,24,0.39234304428100586,0.5665314793586731,0.9996317625045776
25,25,0.43963897228240967,0.6510092616081238,0.9675750732421875
25,26,0.3578711152076721,0.6455667614936829,0.6404905319213867
25,27,0.5002897381782532,0.7294719219207764,0.9566890597343445
25,28,0.38693967461586,0.7414105534553528,0.732787549495697
25,29,0.5103162527084351,0.7344611883163452,0.9062104225158691
25,30,0.4009930193424225,0.7530471086502075,0.7965274453163147
25,31,0.4934785068035126,0.7665848731994629,0.9460939168930054
25,32,0.35314106941223145,0.7709150314331055,0.776738703250885
26,0,0.35517147183418274,0.3741954565048218,0.9994763731956482
26,1,0.3603880703449249,0.3662227690219879,0.9994753003120422
26,2,0.3622688353061676,0.3662695586681366,0.9995079040527344
26,3,0.36412912607192993,0.36636051535606384,0.999562680721283
26,4,0.35845184326171875,0.3659081757068634,0.9990820288658142
26,5,0.35859215259552,0.3658851385116577,0.9989432692527771
26,6,0.3587757647037506,0.3657788932323456,0.9990718364715576
26,7,0.3726567029953003,0.37161973118782043,0.9993897676467896
26,8,0.36473873257637024,0.3701852560043335,0.998206377029419
26,9,0.35897356271743774,0.3837786912918091,0.9986841082572937
26,10,0.35619503259658813,0.38330572843551636,0.9975677728652954
26,11,0.38610678911209106,0.42470183968544006,0.9998430013656616
26,12,0.35868728160858154,0.42676234245300293,0.9993859529495239
26,13,0.4055028557777405,0.48744285106658936,0.9780803322792053
26,14,0.3575805127620697,0.485021710395813,0.1817030906677246
26,15,0.39716100692749023,0.5432853698730469,0.9150786399841309
26,16,0.34451624751091003,0.49097883701324463,0.27542921900749207
26,17,0.40310439467430115,0.5590550899505615,0.8825680017471313
26,18,0.3401750922203064,0.4933960735797882,0.28842392563819885
26,19,0.3954923450946808,0.5591691136360168,0.8774641752243042
26,20,0.338761568069458,0.4875510036945343,0.2935034930706024
26,21,0.3956451714038849,0.5524629950523376,0.8476763963699341
26,22,0.3405013084411621,0.48716920614242554,0.2963116765022278
26,23,0.38653290271759033,0.5599378347396851,0.9998051524162292
26,24,0.36928239464759827,0.5651627779006958,0.9996657967567444
26,25,0.41295158863067627,0.648484468460083,0.9692752957344055
26,26,0.3378920555114746,0.6481128931045532,0.6717949509620667
26,27,0.4839824140071869,0.7090162634849548,0.958787202835083
26,28,0.346605509519577,0.7629028558731079,0.7574102282524109
26,29,0.49864909052848816,0.7082018852233887,0.9101777672767639
26,30,0.3572278320789337,0.7793734669685364,0.8138371109962463
26,31,0.48176321387290955,0.7482684850692749,0.9486027956008911
26,32,0.32071587443351746,0.7874939441680908,0.796737551689148
27,0,0.32928821444511414,0.3770437240600586,0.9995020031929016
27,1,0.3346237540245056,0.36890843510627747,0.9994994401931763
27,2,0.3363165259361267,0.3690461218357086,0.9995300769805908
27,3,0.33806082606315613,0.3692127466201782,0.9995840191841125
27,4,0.3332928419113159,0.3685288429260254,0.9991180896759033
27,5,0.3337118923664093,0.36844977736473083,0.9989734888076782
27,6,0.3342040479183197,0.36831507086753845,0.9990947842597961
27,7,0.3481776714324951,0.3746272325515747,0.9994075298309326
27,8,0.3421857953071594,0.37272560596466064,0.9981924891471863
27,9,0.3326229453086853,0.38622376322746277,0.9986979365348816
27,10,0.33109983801841736,0.38567665219306946,0.9975379109382629
27,11,0.3580339550971985,0.42527079582214355,0.9998546838760376
27,12,0.3433748781681061,0.42707759141921997,0.9994118809700012
27,13,0.3746456503868103,0.49082082509994507,0.9790939688682556
27,14,0.35490405559539795,0.48676028847694397,0.16855917870998383
27,15,0.3624865710735321,0.5453172326087952,0.9174119234085083
27,16,0.3477552533149719,0.5182183980941772,0.2586432099342346
27,17,0.3643667995929718,0.5592149496078491,0.8847825527191162
27,18,0.345594584941864,0.5252840518951416,0.2727326452732086
27,19,0.36115679144859314,0.5561387538909912,0.8799434304237366
27,20,0.3427368104457855,0.5214664936065674,0.2776850461959839
27,21,0.3613521158695221,0.5516946911811829,0.8509681820869446
27,22,0.34355974197387695,0.5191285610198975,0.28052204847335815
27,23,0.35856810212135315,0.5590947866439819,0.9998153448104858
27,24,0.3476707339286804,0.5653129816055298,0.9996889233589172
27,25,0.37632089853286743,0.6500298380851746,0.9652191400527954
27,26,0.32539886236190796,0.6658451557159424,0.6742584705352783
27,27,0.45405659079551697,0.7171536684036255,0.9556053876876831
27,28,0.32826608419418335,0.7779905200004578,0.7634035348892212
27,29,0.4682745635509491,0.7255696654319763,0.9055919051170349
27,30,0.33675292134284973,0.7947446703910828,0.815224826335907
27,31,0.4608044922351837,0.7424876689910889,0.9447478652000427
27,32,0.30157771706581116,0.8035051822662354,0.7998555898666382
28,0,0.30681130290031433,0.3785592317581177,0.9995284676551819
28,1,0.31289562582969666,0.3704630434513092,0.9995301961898804
28,2,0.3144298195838928,0.37062621116638184,0.9995601177215576
28,3,0.31648969650268555,0.3707881569862366,0.9996095299720764
28,4,0.31168311834335327,0.3700445592403412,0.9991738796234131
28,5,0.31224867701530457,0.36997443437576294,0.9990382194519043
28,6,0.3120576739311218,0.36981654167175293,0.9991519451141357
28,7,0.3268389105796814,0.37589800357818604,0.9994481205940247
28,8,0.31998199224472046,0.3745270073413849,0.9983139634132385
28,9,0.3098723590373993,0.3876822888851166,0.9987281560897827
28,10,0.3081952631473541,0.3873032331466675,0.9975942969322205
28,11,0.33255770802497864,0.4284815788269043,0.9998633861541748
28,12,0.3238450586795807,0.42901501059532166,0.9994308948516846
28,13,0.33138352632522583,0.5070214867591858,0.9790257811546326
28,14,0.34340348839759827,0.50760817527771,0.1559760868549347
28,15,0.2960972189903259,0.5213038325309753,0.9137663245201111
28,16,0.32841619849205017,0.5312854051589966,0.24146603047847748
28,17,0.28682345151901245,0.5222683548927307,0.8789355158805847
28,18,0.3237801790237427,0.5343964099884033,0.2571086585521698
28,19,0.2869335412979126,0.5142192840576172,0.8737822771072388
28,20,0.3199346363544464,0.5312488675117493,0.26187923550605774
28,21,0.2912735939025879,0.5144386291503906,0.8427847027778625
28,22,0.32255372405052185,0.5305005311965942,0.26476436853408813
28,23,0.3354525864124298,0.5588642358779907,0.9998223781585693
28,24,0.32643041014671326,0.5591914653778076,0.9997077584266663
28,25,0.3403598368167877,0.6524273753166199,0.966244101524353
28,26,0.31815609335899353,0.669572651386261,0.6734541058540344
28,27,0.40281715989112854,0.7258777022361755,0.9573208093643188
28,28,0.33407506346702576,0.7700595259666443,0.771838903427124
28,29,0.41518816351890564,0.7334707975387573,0.9086211919784546
28,30,0.34238892793655396,0.7835550904273987,0.8184834122657776
28,31,0.3995266854763031,0.7563854455947876,0.9470690488815308
28,32,0.3186960518360138,0.7994358539581299,0.8074396252632141
29,0,0.28373458981513977,0.38336312770843506,0.9989053606987
29,1,0.2898203432559967,0.37574806809425354,0.9987672567367554
29,2,0.2910173535346985,0.376217246055603,0.9988625645637512
29,3,0.2923131585121155,0.37663567066192627,0.9990124702453613
29,4,0.28931349515914917,0.3748900890350342,0.998077929019928
29,5,0.2900386452674866,0.37482765316963196,0.9978823065757751
29,6,0.2907961308956146,0.37476205825805664,0.9982351660728455
29,7,0.3021891117095947,0.3820676803588867,0.9986978769302368
29,8,0.29813429713249207,0.3803194761276245,0.9969399571418762
29,9,0.2866019308567047,0.3934802711009979,0.9980090856552124
29,10,0.2853873372077942,0.39317405223846436,0.9965925216674805
29,11,0.3105761706829071,0.4345918893814087,0.9998553991317749
29,12,0.29554587602615356,0.4353952407836914,0.9993732571601868
29,13,0.30452761054039,0.5097219944000244,0.9800862669944763
29,14,0.29533278942108154,0.5113791227340698,0.14788192510604858
29,15,0.27355483174324036,0.5414338111877441,0.9146089553833008
29,16,0.2789924442768097,0.5500832796096802,0.23113344609737396
29,17,0.2671418786048889,0.5614526271820068,0.8777338266372681
29,18,0.2746075391769409,0.5603718161582947,0.24739868938922882
29,19,0.26821914315223694,0.5507509708404541,0.8725486397743225
29,20,0.2726650536060333,0.5569899082183838,0.2521546185016632
29,21,0.26931753754615784,0.5483388304710388,0.8404808044433594
29,22,0.2745867073535919,0.553542971611023,0.2545984387397766
29,23,0.31075114011764526,0.5697627663612366,0.9997667670249939
29,24,0.2998519539833069,0.5646066069602966,0.9996334314346313
29,25,0.2909817099571228,0.6780210137367249,0.9645609855651855
29,26,0.29346656799316406,0.6779046058654785,0.6555129289627075
29,27,0.31528058648109436,0.7778297066688538,0.9561820030212402
29,28,0.31307536363601685,0.7807551026344299,0.7632626295089722
29,29,0.32835084199905396,0.7887846827507019,0.9075223803520203
29,30,0.32013243436813354,0.7986529469490051,0.8119291663169861
29,31,0.2914069592952728,0.8095438480377197,0.9449355602264404
29,32,0.2891022861003876,0.8067195415496826,0.8002486824989319
30,0,0.26142990589141846,0.39001333713531494,0.9989380836486816
30,1,0.26643672585487366,0.3833547532558441,0.9988036751747131
30,2,0.2684209644794464,0.3840285837650299,0.998904824256897
30,3,0.27013885974884033,0.38472896814346313,0.9990524649620056
30,4,0.2661342918872833,0.38187623023986816,0.998113214969635
30,5,0.26695725321769714,0.38176417350769043,0.9979159235954285
30,6,0.2678265869617462,0.3809031546115875,0.9982761144638062
30,7,0.2803746461868286,0.39052096009254456,0.9987649321556091
30,8,0.27689194679260254,0.3887682557106018,0.9969958066940308
30,9,0.26426300406455994,0.4011470377445221,0.9980567097663879
30,10,0.2639176547527313,0.399854838848114,0.996605634689331
30,11,0.2863233983516693,0.44107159972190857,0.9998676776885986
30,12,0.2740805149078369,0.44143378734588623,0.999413251876831
30,13,0.2900320291519165,0.5168586373329163,0.9816697835922241
30,14,0.2810368835926056,0.5164225101470947,0.13756582140922546
30,15,0.24844233691692352,0.5491287708282471,0.9190410375595093
30,16,0.2506728768348694,0.5480536818504333,0.21815386414527893
30,17,0.24230575561523438,0.5660324096679688,0.8821278810501099
30,18,0.25097841024398804,0.5533648133277893,0.23581625521183014
30,19,0.23868641257286072,0.5586575865745544,0.8769331574440002
30,20,0.24585478007793427,0.5512307286262512,0.24044857919216156
30,21,0.24185548722743988,0.5520604252815247,0.8454082012176514
30,22,0.24437527358531952,0.5485095381736755,0.24288779497146606
30,23,0.28502801060676575,0.5765244960784912,0.9997870326042175
30,24,0.2776937186717987,0.5756114721298218,0.9996680021286011
30,25,0.2672160565853119,0.6754845380783081,0.9622389674186707
30,26,0.2724943459033966,0.6988995671272278,0.6489562392234802
30,27,0.3438115417957306,0.7144424915313721,0.9505206942558289
30,28,0.31673404574394226,0.7818986177444458,0.7669012546539307
30,29,0.3607196509838104,0.7083705067634583,0.9059288501739502
30,30,0.3273472785949707,0.7910856604576111,0.8150935769081116
30,31,0.34728458523750305,0.7521998882293701,0.9423463344573975
30,32,0.31363895535469055,0.8147423267364502,0.8051363825798035
31,0,0.23236463963985443,0.3901014029979706,0.9990004301071167
31,1,0.23812130093574524,0.3830510377883911,0.9988778829574585
31,2,0.23924651741981506,0.38359010219573975,0.9989743232727051
31,3,0.24040818214416504,0.38415735960006714,0.9991124272346497
31,4,0.2379710078239441,0.38210272789001465,0.9982060194015503
31,5,0.23889069259166718,0.38213297724723816,0.9980148077011108
31,6,0.23985467851161957,0.3817483186721802,0.998361349105835
31,7,0.2516709566116333,0.3910684287548065,0.9988546967506409
31,8,0.25015687942504883,0.39067113399505615,0.9971811771392822
31,9,0.23542730510234833,0.40107282996177673,0.9981619119644165
31,10,0.2352408915758133,0.4001520574092865,0.996746838092804
31,11,0.25643089413642883,0.4408111274242401,0.9998794198036194
31,12,0.257090300321579,0.44277799129486084,0.9994463324546814
31,13,0.2617289125919342,0.5160630941390991,0.9829727411270142
31,14,0.2602689862251282,0.5202319622039795,0.1288098245859146
31,15,0.2299385666847229,0.5492695569992065,0.9216657280921936
31,16,0.23705385625362396,0.5436490774154663,0.20598971843719482
31,17,0.22662292420864105,0.5652339458465576,0.8845281004905701
31,18,0.23206694424152374,0.5476982593536377,0.22415323555469513
31,19,0.22288045287132263,0.5586276054382324,0.8792790174484253
31,20,0.22696152329444885,0.5447967052459717,0.22837001085281372
31,21,0.22313439846038818,0.5514416098594666,0.8478713035583496
31,22,0.2287685126066208,0.5432481169700623,0.23119965195655823
31,23,0.26272016763687134,0.5783094167709351,0.9998041987419128
31,24,0.2602946162223816,0.579765260219574,0.9996964931488037
31,25,0.22534266114234924,0.6791218519210815,0.9609962701797485
31,26,0.23484690487384796,0.6897355914115906,0.6245765686035156
31,27,0.3061601519584656,0.7448058724403381,0.9486401677131653
31,28,0.29625287652015686,0.778492271900177,0.7558439373970032
31,29,0.32489830255508423,0.7367108464241028,0.9083639979362488
31,30,0.31093665957450867,0.7871032357215881,0.8161529898643494
31,31,0.30622759461402893,0.7943931818008423,0.9412782192230225
31,32,0.2914799749851227,0.8155163526535034,0.7982730865478516
32,0,0.2097843587398529,0.3899981677532196,0.9990522861480713
32,1,0.21470020711421967,0.38292396068573,0.9989458322525024
32,2,0.2162797451019287,0.3835049271583557,0.9990374445915222
32,3,0.2180064469575882,0.38404637575149536,0.9991653561592102
32,4,0.2129497528076172,0.3819117844104767,0.99827641248703
32,5,0.2133093923330307,0.38193655014038086,0.9980816841125488
32,6,0.2137083262205124,0.3815332353115082,0.9984203577041626
32,7,0.22900113463401794,0.3904319405555725,0.9989257454872131
32,8,0.22116339206695557,0.3903271555900574,0.9972937107086182
32,9,0.21287450194358826,0.40079253911972046,0.9981902837753296
32,10,0.21169543266296387,0.3999007046222687,0.9967044591903687
32,11,0.23535698652267456,0.43773791193962097,0.9998881220817566
32,12,0.22204400599002838,0.4426306188106537,0.99944669008255
32,13,0.23326551914215088,0.5152588486671448,0.9835245013237
32,14,0.22210974991321564,0.5180823802947998,0.12070459872484207
32,15,0.20152026414871216,0.5438783168792725,0.9222396016120911
32,16,0.19719786942005157,0.5361733436584473,0.19741323590278625
32,17,0.19468103349208832,0.5535299777984619,0.886138916015625
32,18,0.19062653183937073,0.5377614498138428,0.21733519434928894
32,19,0.19283604621887207,0.5448563098907471,0.8809412717819214
32,20,0.18649564683437347,0.5334224700927734,0.22139164805412292
32,21,0.19645044207572937,0.5416491627693176,0.8491610288619995
32,22,0.18933513760566711,0.5330309271812439,0.22507844865322113
32,23,0.2391044646501541,0.5779219269752502,0.999815046787262
32,24,0.22977019846439362,0.5797004699707031,0.9997102618217468
32,25,0.22963246703147888,0.6872656345367432,0.9609260559082031
32,26,0.21014490723609924,0.6859592199325562,0.6020687818527222
32,27,0.29448163509368896,0.7656397819519043,0.9501583576202393
32,28,0.2783569097518921,0.7659221291542053,0.7372845411300659
32,29,0.30982688069343567,0.762791633605957,0.912061870098114
32,30,0.2948169410228729,0.7692580223083496,0.8140004277229309
32,31,0.2877058982849121,0.8058907985687256,0.9426329135894775
32,32,0.2715432047843933,0.8093277215957642,0.7869771122932434
33,0,0.18577414751052856,0.38517025113105774,0.9991288185119629
33,1,0.19052626192569733,0.3769582211971283,0.9990348815917969
33,2,0.19240576028823853,0.37719738483428955,0.9991177320480347
33,3,0.19432729482650757,0.37744027376174927,0.9992351531982422
33,4,0.18876929581165314,0.3766433894634247,0.998412013053894
33,5,0.18908706307411194,0.37665560841560364,0.9982278943061829
33,6,0.18950189650058746,0.3764967918395996,0.998539388179779
33,7,0.20422939956188202,0.3828359842300415,0.9990125298500061
33,8,0.19727665185928345,0.3823903799057007,0.9974741339683533
33,9,0.18969987332820892,0.395417720079422,0.9982642531394958
33,10,0.18778233230113983,0.39502444863319397,0.9968168139457703
33,11,0.21418406069278717,0.4307066798210144,0.9998953938484192
33,12,0.1999424546957016,0.4373004734516144,0.9994444847106934
33,13,0.21052692830562592,0.5145531892776489,0.9837711453437805
33,14,0.19321686029434204,0.5135945081710815,0.11431526392698288
33,15,0.17617391049861908,0.514148473739624,0.9249680042266846
33,16,0.16855892539024353,0.49173247814178467,0.19544801115989685
33,17,0.1680973619222641,0.5143490433692932,0.8903011083602905
33,18,0.16212476789951324,0.48466724157333374,0.21755927801132202
33,19,0.16751731932163239,0.5026528835296631,0.8852220773696899
33,20,0.1583346426486969,0.47642549872398376,0.22118401527404785
33,21,0.1714181751012802,0.5034687519073486,0.8537289500236511
33,22,0.1609572023153305,0.4794144630432129,0.2252151072025299
33,23,0.2157839685678482,0.5719108581542969,0.9998241662979126
33,24,0.2071610391139984,0.5752548575401306,0.9997227787971497
33,25,0.20283497869968414,0.6767799854278564,0.9612536430358887
33,26,0.1832578480243683,0.660515546798706,0.5937947630882263
33,27,0.2689937353134155,0.7596443891525269,0.9517719149589539
33,28,0.24730561673641205,0.7475341558456421,0.7400913238525391
33,29,0.28449779748916626,0.7603917121887207,0.9143646359443665
33,30,0.2641199231147766,0.7552658915519714,0.8174344301223755
33,31,0.26582464575767517,0.7982413172721863,0.9442793726921082
33,32,0.23563893139362335,0.7831869125366211,0.7903350591659546
34,0,0.16101069748401642,0.37680116295814514,0.9992106556892395
34,1,0.16555996239185333,0.36860546469688416,0.999126672744751
34,2,0.16705341637134552,0.3687341809272766,0.9992015957832336
34,3,0.16867344081401825,0.3688879907131195,0.9993079304695129
34,4,0.1644139289855957,0.3685019016265869,0.998560905456543
34,5,0.16445495188236237,0.3685745298862457,0.9983928203582764
34,6,0.16489356756210327,0.368583083152771,0.9986752867698669
34,7,0.178700253367424,0.3743591606616974,0.9991052746772766
34,8,0.17226813733577728,0.37358078360557556,0.997708797454834
34,9,0.16439032554626465,0.386662095785141,0.9984015822410583
34,10,0.16291093826293945,0.3860822916030884,0.9970728158950806
34,11,0.1867784559726715,0.42164838314056396,0.9999048113822937
34,12,0.17836113274097443,0.43089282512664795,0.9994845390319824
34,13,0.18542511761188507,0.49451112747192383,0.9850231409072876
34,14,0.1818966567516327,0.5087227821350098,0.11231492459774017
34,15,0.15425297617912292,0.5178139805793762,0.9301332235336304
34,16,0.1623498648405075,0.509638249874115,0.196387380361557
34,17,0.14694826304912567,0.5249938368797302,0.8969421982765198
34,18,0.15629850327968597,0.5106592178344727,0.2178313434123993
34,19,0.14316591620445251,0.5158051252365112,0.892109751701355
34,20,0.15387818217277527,0.5049690008163452,0.221211776137352
34,21,0.14652717113494873,0.5141568779945374,0.8620158433914185
34,22,0.15604808926582336,0.50508713722229,0.22539730370044708
34,23,0.18526814877986908,0.5606416463851929,0.9998387098312378
34,24,0.18318398296833038,0.5644171237945557,0.9997432827949524
34,25,0.1453149914741516,0.65848708152771,0.9613974690437317
34,26,0.21638068556785583,0.655440092086792,0.5863860845565796
34,27,0.17480042576789856,0.7577674388885498,0.953758955001831
34,28,0.27408233284950256,0.729756772518158,0.7472789883613586
34,29,0.1979919821023941,0.76832115650177,0.91917884349823
34,30,0.2869400382041931,0.7315881848335266,0.8259989619255066
34,31,0.15410372614860535,0.7949669361114502,0.9455136060714722
34,32,0.2680722177028656,0.7530237436294556,0.7925304174423218
35,0,0.13544651865959167,0.3724222183227539,0.9992622137069702
35,1,0.14055471122264862,0.3638245165348053,0.999190092086792
35,2,0.14193515479564667,0.3638044595718384,0.9992592930793762
35,3,0.1434181034564972,0.3638024926185608,0.9993589520454407
35,4,0.13944700360298157,0.3640909492969513,0.9986580610275269
35,5,0.14009393751621246,0.3643707036972046,0.998496949672699
35,6,0.1407388299703598,0.364452064037323,0.9987624883651733
35,7,0.15345193445682526,0.36986735463142395,0.9991680979728699
35,8,0.14871038496494293,0.369881272315979,0.9978629350662231
35,9,0.13875466585159302,0.3819061517715454,0.9984562993049622
35,10,0.1376146674156189,0.38174864649772644,0.9971644878387451
35,11,0.1623879373073578,0.4182969033718109,0.9999113082885742
35,12,0.15228240191936493,0.426428884267807,0.9994929432868958
35,13,0.15837432444095612,0.49172380566596985,0.9858545064926147
35,14,0.1566576510667801,0.5033183097839355,0.10692086815834045
35,15,0.12845756113529205,0.5197996497154236,0.9328634738922119
35,16,0.14045922458171844,0.5215564370155334,0.18887655436992645
35,17,0.12173167616128922,0.5344268083572388,0.8999438285827637
35,18,0.13536623120307922,0.527401864528656,0.20942342281341553
35,19,0.11786960065364838,0.5284514427185059,0.8951674103736877
35,20,0.13329513370990753,0.5242646336555481,0.2125103771686554
35,21,0.12230567634105682,0.5182375311851501,0.8653900027275085
35,22,0.1352512538433075,0.5224810838699341,0.21649710834026337
35,23,0.16062836349010468,0.5574291348457336,0.9998441338539124
35,24,0.15692070126533508,0.5610525608062744,0.9997402429580688
35,25,0.12476995587348938,0.6590177416801453,0.9620510935783386
35,26,0.19445711374282837,0.6552636623382568,0.588299572467804
35,27,0.132281094789505,0.7713504433631897,0.9564918875694275
35,28,0.2456904500722885,0.7326903939247131,0.7576919198036194
35,29,0.14391259849071503,0.7865039706230164,0.9241201877593994
35,30,0.2586499750614166,0.7420068979263306,0.834799587726593
35,31,0.11666280776262283,0.8116680979728699,0.9475138783454895
35,32,0.24664141237735748,0.7576096653938293,0.7968425750732422
36,0,0.11370234191417694,0.3741915225982666,0.9993249177932739
36,1,0.11920733749866486,0.3657994866371155,0.9992631077766418
36,2,0.12083160877227783,0.36581021547317505,0.9993263483047485
36,3,0.12264267355203629,0.3659263253211975,0.9994171261787415
36,4,0.11795881390571594,0.3658279776573181,0.998778223991394
36,5,0.1186152771115303,0.3660086989402771,0.9986299276351929
36,6,0.1193448156118393,0.36605727672576904,0.9988715052604675
36,7,0.1334974765777588,0.37209659814834595,0.9992451071739197
36,8,0.12735509872436523,0.37169110774993896,0.9980583190917969
36,9,0.11754480004310608,0.38378870487213135,0.9985691905021667
36,10,0.11608640104532242,0.3834417164325714,0.9973586201667786
36,11,0.1440201699733734,0.42023158073425293,0.9999182820320129
36,12,0.1260199397802353,0.4272746443748474,0.9995188117027283
36,13,0.13949425518512726,0.49339377880096436,0.9866009950637817
36,14,0.13974565267562866,0.5011394023895264,0.10494744777679443
36,15,0.1079573929309845,0.5281083583831787,0.9356017708778381
36,16,0.13035808503627777,0.5324437022209167,0.186754509806633
36,17,0.10232049971818924,0.5423868894577026,0.9035054445266724
36,18,0.12626290321350098,0.5421216487884521,0.20733901858329773
36,19,0.10212371498346329,0.54192715883255,0.8990288376808167
36,20,0.12513624131679535,0.5402922034263611,0.21037174761295319
36,21,0.10342322289943695,0.5323954224586487,0.8709577918052673
36,22,0.12753424048423767,0.5372107625007629,0.21421408653259277
36,23,0.13478471338748932,0.5565613508224487,0.999855101108551
36,24,0.13128143548965454,0.5592737793922424,0.9997502565383911
36,25,0.09106774628162384,0.6730556488037109,0.9635846018791199
36,26,0.15741492807865143,0.6579150557518005,0.601244330406189
36,27,0.10976234823465347,0.7800747752189636,0.9593658447265625
36,28,0.2184278964996338,0.7286253571510315,0.7724279165267944
36,29,0.11729221045970917,0.79714435338974,0.9294517040252686
36,30,0.23224805295467377,0.7364192008972168,0.8455193638801575
36,31,0.08613134175539017,0.8214102983474731,0.9503756761550903
36,32,0.2241610437631607,0.7557217478752136,0.8069302439689636
37,0,0.09344851225614548,0.37453246116638184,0.9993035793304443
37,1,0.09965209662914276,0.3668433129787445,0.9992603063583374
37,2,0.10086958110332489,0.366965651512146,0.9993274211883545
37,3,0.1027982160449028,0.3671533763408661,0.9994139671325684
37,4,0.09925857186317444,0.3666882812976837,0.9987881183624268
37,5,0.10006821900606155,0.36683788895606995,0.9986447691917419
37,6,0.10091178864240646,0.36691412329673767,0.998869001865387
37,7,0.11249827593564987,0.3733285665512085,0.9992546439170837
37,8,0.10847794264554977,0.37274593114852905,0.9980901479721069
37,9,0.09642232209444046,0.3846365213394165,0.998488187789917
37,10,0.09526490420103073,0.3841175436973572,0.9972291588783264
37,11,0.11915677040815353,0.42093580961227417,0.9999140501022339
37,12,0.10125057399272919,0.42810606956481934,0.9994262456893921
37,13,0.11478881537914276,0.5064157843589783,0.9872806072235107
37,14,0.11038656532764435,0.5030661821365356,0.10009628534317017
37,15,0.07162303477525711,0.5272075533866882,0.9378802180290222
37,16,0.08868268132209778,0.531534731388092,0.17838388681411743
37,17,0.06166066601872444,0.5338718891143799,0.9061018228530884
37,18,0.08264037221670151,0.5405482053756714,0.19956126809120178
37,19,0.058074407279491425,0.5292767882347107,0.9016180634498596
37,20,0.07925809174776077,0.5377228260040283,0.20266473293304443
37,21,0.06308197230100632,0.524383008480072,0.8741421103477478
37,22,0.0823993980884552,0.5348606109619141,0.20650829374790192
37,23,0.1066286638379097,0.5579116344451904,0.9998325705528259
37,24,0.09882761538028717,0.5603575706481934,0.9996651411056519
37,25,0.07500031590461731,0.6754918098449707,0.964814305305481
37,26,0.09788639098405838,0.659264862537384,0.5884537696838379
37,27,0.10560458153486252,0.7868685126304626,0.9608668684959412
37,28,0.1297917664051056,0.7600587010383606,0.7640143632888794
37,29,0.11928939819335938,0.8022647500038147,0.9321212768554688
37,30,0.14117392897605896,0.7744156718254089,0.83853679895401
37,31,0.07831930369138718,0.8203490972518921,0.9528664350509644
37,32,0.11123696714639664,0.7853046655654907,0.8062239289283752
38,0,0.06742770224809647,0.3763037919998169,0.9993305802345276
38,1,0.07465385645627975,0.37033551931381226,0.9992984533309937
38,2,0.07582105696201324,0.3708478808403015,0.9993610382080078
38,3,0.07710608839988708,0.37148740887641907,0.9994421005249023
38,4,0.07485740631818771,0.36982306838035583,0.9988547563552856
38,5,0.07604296505451202,0.37001946568489075,0.998717725276947
38,6,0.07724237442016602,0.37033307552337646,0.9989280700683594
38,7,0.08745317906141281,0.38001155853271484,0.9992932081222534
38,8,0.08575060963630676,0.3790169656276703,0.9981961846351624
38,9,0.07062459737062454,0.3879975974559784,0.998533308506012
38,10,0.06976926326751709,0.3875296413898468,0.9973405003547668
38,11,0.08562225848436356,0.43642914295196533,0.9999153017997742
38,12,0.0894836038351059,0.4363788068294525,0.9994030594825745
38,13,0.07722407579421997,0.5235365629196167,0.9874265193939209
38,14,0.08240321278572083,0.519858181476593,0.09409423172473907
38,15,0.0361555777490139,0.5213180184364319,0.9369722604751587
38,16,0.05718844756484032,0.5308447480201721,0.16816094517707825
38,17,0.02698610909283161,0.5141814947128296,0.9036282300949097
38,18,0.051423683762550354,0.5356868505477905,0.18916314840316772
38,19,0.028003768995404243,0.5081923007965088,0.8986097574234009
38,20,0.046785011887550354,0.5310582518577576,0.19208483397960663
38,21,0.032505810260772705,0.5098980069160461,0.8698796033859253
38,22,0.04955844208598137,0.5312920808792114,0.19620926678180695
38,23,0.08329074829816818,0.5716742277145386,0.9998205900192261
38,24,0.08184874802827835,0.572365403175354,0.9996451735496521
38,25,0.0659911036491394,0.6802884340286255,0.9649070501327515
38,26,0.06618531793355942,0.6752490401268005,0.5718002319335938
38,27,0.09767868369817734,0.7946774959564209,0.9608535766601562
38,28,0.08459772914648056,0.7865539193153381,0.7491330504417419
38,29,0.11204632371664047,0.8079527020454407,0.9312006831169128
38,30,0.09538352489471436,0.8045145869255066,0.8269219994544983
38,31,0.06973180919885635,0.8232917785644531,0.9533660411834717
38,32,0.05631711333990097,0.806713342666626,0.7994471788406372
39,0,0.04418857768177986,0.38153231143951416,0.9993484616279602
39,1,0.0531206876039505,0.3756753206253052,0.9993041157722473
39,2,0.05410090461373329,0.3765619397163391,0.9993658065795898
39,3,0.05510276183485985,0.37751612067222595,0.9994452595710754
39,4,0.05348655954003334,0.37502744793891907,0.9988670349121094
39,5,0.0545918270945549,0.3754473924636841,0.9987300038337708
39,6,0.05565363168716431,0.37596434354782104,0.998940646648407
39,7,0.06277016550302505,0.38860151171684265,0.9992692470550537
39,8,0.06273795664310455,0.3852570056915283,0.9982377886772156
39,9,0.04541340470314026,0.39382457733154297,0.9985813498497009
39,10,0.045651085674762726,0.3931286334991455,0.9974662661552429
39,11,0.060026396065950394,0.44388067722320557,0.9999189376831055
39,12,0.0594879575073719,0.4388960897922516,0.9994200468063354
39,13,0.06188682094216347,0.5195413827896118,0.9877710938453674
39,14,0.06649845093488693,0.518494188785553,0.09981627017259598
39,15,0.05789215862751007,0.5799086689949036,0.9358847737312317
39,16,0.06963784247636795,0.5700950622558594,0.16992202401161194
39,17,0.05946698784828186,0.5966739654541016,0.9006615281105042
39,18,0.07076884806156158,0.5848813056945801,0.18927860260009766
39,19,0.05613931640982628,0.5968943238258362,0.8957404494285583
39,20,0.07040845602750778,0.5842085480690002,0.19235388934612274
39,21,0.056211769580841064,0.5914421081542969,0.8672726154327393
39,22,0.07000432163476944,0.5794174075126648,0.19578930735588074
39,23,0.06563721597194672,0.5751723051071167,0.9998266100883484
39,24,0.06332805752754211,0.5717721581459045,0.9996618628501892
39,25,0.05453408136963844,0.6792519092559814,0.9642264246940613
39,26,0.058041762560606,0.6742891669273376,0.560379683971405
39,27,0.09730871766805649,0.7868611812591553,0.9613239765167236
39,28,0.08518830686807632,0.7772586345672607,0.7434375882148743
39,29,0.10844657570123672,0.7992289066314697,0.9305658340454102
39,30,0.09523145854473114,0.7916264533996582,0.8190315961837769
39,31,0.0741739496588707,0.8202809691429138,0.9532336592674255
39,32,0.06146790087223053,0.7997810244560242,0.7951835989952087
40,0,0.020652610808610916,0.3838154375553131,0.9993914365768433
40,1,0.026315860450267792,0.3766680657863617,0.999344527721405
40,2,0.02702254243195057,0.3772650957107544,0.9994038939476013
40,3,0.02769152820110321,0.3779059052467346,0.999477744102478
40,4,0.026613768190145493,0.3762052655220032,0.9989206194877625
40,5,0.027455158531665802,0.37643516063690186,0.9987860321998596
40,6,0.028220240026712418,0.37670937180519104,0.9989842176437378
40,7,0.03562379628419876,0.387575626373291,0.9993151426315308
40,8,0.03570088371634483,0.3846322000026703,0.9983418583869934
40,9,0.022083282470703125,0.3948964774608612,0.9986861348152161
40,10,0.022288434207439423,0.39434540271759033,0.997631311416626
40,11,0.03957856819033623,0.4416360855102539,0.9999253153800964
40,12,0.045394446700811386,0.43884462118148804,0.9994354248046875
40,13,0.0693766325712204,0.5081235766410828,0.9886770844459534
40,14,0.07041404396295547,0.5096672177314758,0.09811317920684814
40,15,0.0795179158449173,0.5733357667922974,0.9391692876815796
40,16,0.08039160072803497,0.5590807199478149,0.16565929353237152
40,17,0.08317271620035172,0.5797476768493652,0.9044538736343384
40,18,0.08701572567224503,0.5742979049682617,0.18496555089950562
40,19,0.08151493966579437,0.5829351544380188,0.8999460339546204
40,20,0.08581848442554474,0.5737216472625732,0.1879274547100067
40,21,0.07919104397296906,0.5865450501441956,0.87262362241745
40,22,0.0845264196395874,0.5695367455482483,0.19078896939754486
40,23,0.04240800812840462,0.5712400078773499,0.9998366236686707
40,24,0.04035308212041855,0.569771945476532,0.9996792674064636
40,25,0.04306657612323761,0.6756913661956787,0.9654324650764465
40,26,0.03728503733873367,0.6727489233016968,0.5537400841712952
40,27,0.09588919579982758,0.7778238654136658,0.9632443189620972
40,28,0.07468482106924057,0.7749480605125427,0.7427645921707153
40,29,0.11132541298866272,0.7848063707351685,0.9336544871330261
40,30,0.08850045502185822,0.7863967418670654,0.8188185095787048
40,31,0.07644703984260559,0.8131104707717896,0.9549638628959656
40,32,0.05589057505130768,0.7972708940505981,0.794867992401123
41,0,-0.00028083662618882954,0.3842376470565796,0.999081552028656
41,1,0.0067933714017271996,0.3765782415866852,0.9990431070327759
41,2,0.008221138268709183,0.3770814538002014,0.9991858601570129
41,3,0.009518750943243504,0.377731055021286,0.9992526769638062
41,4,0.002073482610285282,0.3760913014411926,0.9981518983840942
41,5,-0.0008771707653068006,0.37627607583999634,0.9978626370429993
41,6,-0.0026821221690624952,0.37667810916900635,0.997897744178772
41,7,0.014401157386600971,0.3853663206100464,0.9992132186889648
41,8,-0.001660981448367238,0.3822401762008667,0.9972100257873535
41,9,0.0032273053657263517,0.39474499225616455,0.9982694983482361
41,10,-0.0024454761296510696,0.39414137601852417,0.9964720010757446
41,11,0.02887543849647045,0.43528279662132263,0.9999052882194519
41,12,-0.012737204320728779,0.43261969089508057,0.9986576437950134
41,13,0.05308061093091965,0.4946504831314087,0.9891030788421631
41,14,0.00024524907348677516,0.4875147044658661,0.10437437891960144
41,15,0.06433001905679703,0.5691379308700562,0.9383518695831299
41,16,0.0166863314807415,0.5241052508354187,0.16830216348171234
41,17,0.07138397544622421,0.5689888596534729,0.9024477005004883
41,18,0.02023285999894142,0.5368435382843018,0.18734300136566162
41,19,0.06480934470891953,0.5688145160675049,0.8987061381340027
41,20,0.020738894119858742,0.5333166718482971,0.1911746710538864
41,21,0.06202048063278198,0.5685567855834961,0.8726407289505005
41,22,0.02064686268568039,0.529878556728363,0.19333140552043915
41,23,0.018060892820358276,0.5576050281524658,0.9996335506439209
41,24,-0.003020196920260787,0.5604262351989746,0.9992048740386963
41,25,0.02851434051990509,0.6620076894760132,0.9634878039360046
41,26,0.014121811836957932,0.6584121584892273,0.5474595427513123
41,27,0.08195262402296066,0.7560445666313171,0.957990825176239
41,28,0.05769524723291397,0.7499212026596069,0.7244975566864014
41,29,0.0951865017414093,0.7613856792449951,0.9203744530677795
41,30,0.07125446945428848,0.7588767409324646,0.8032107949256897
41,31,0.0687013640999794,0.7993061542510986,0.9462898373603821
41,32,0.04727092757821083,0.7870334386825562,0.7750602960586548
